Esum_keV,pdf_per_keV,rate_per_tonne_year_keV_w136eq1,rate_per_tonne_year_keV_natural_LXe,rate_per_tonne_year_keV_w136eq0p90
0.0,0.0,0.0,0.0,0.0
1.0,9.309679963492027e-07,1.3207198431982738,0.1210913154445782,1.1886478588784462
2.0,1.8654223825945858e-06,2.6463856612690115,0.24263610677698147,2.3817470951421105
3.0,2.8033563958855145e-06,3.976987860078941,0.36463349435098913,3.5792890740710464
4.0,3.744763227198558e-06,5.312516779991646,0.48708259251466973,4.7812651019924814
5.0,4.689636021489554e-06,6.652962696083301,0.60998250963016,5.98766642647497
6.0,5.637967877845862e-06,7.998315818358655,0.7333323480934685,7.1984842365227895
7.0,6.589751849638722e-06,9.348566291967188,0.857131204354293,8.413709662770467
8.0,7.544980944675795e-06,10.703704197419496,0.9813781689358615,9.633333777677546
9.0,8.50364812535381e-06,12.063719550803865,1.106072326454787,10.857347595723477
10.0,9.465746308811415e-06,13.428602304003098,1.231212755640949,12.085742073602786
11.0,1.0431268367082077e-05,14.798342344911429,1.356798529357381,13.318508110420284
12.0,1.1400207127247241e-05,16.172929497651808,1.4828287146201926,14.555636547886625
13.0,1.2372555371589543e-05,17.55235352279325,1.6093023726184967,15.797118170513924
14.0,1.3348305837746203e-05,18.936604117568457,1.7362185587343626,17.04294370581161
15.0,1.4327451218862533e-05,20.32567091609158,1.8635763225627828,18.29310382448242
16.0,1.530998416374561e-05,21.719543489576235,1.9913747079316604,19.54758914061861
17.0,1.629589727701808e-05,23.118211346553693,2.1196127529218143,20.80639021189832
18.0,1.7285183119272046e-05,24.5216639330912,2.248289489886998,22.06949753978208
19.0,1.827783420722322e-05,25.92989063301066,2.377403945473946,23.336901569709593
20.0,1.927384301386505e-05,27.342880768107293,2.5069551406424258,24.60859269129656
21.0,2.0273201968623087e-05,28.760623598368607,2.6369420906853116,25.884561238531745
22.0,2.1275903457509477e-05,30.183108322193608,2.7673638052486833,27.164797489974244
23.0,2.2281939823277533e-05,31.610324076612045,2.8982192883519304,28.449291668950835
24.0,2.329130336557643e-05,33.04225993750389,3.029507538407872,29.7380339437535
25.0,2.4303986341106143e-05,34.47890491981914,3.1612275482429095,31.031014427837224
26.0,2.53199809637724e-05,35.92024797779763,3.293378305117185,32.328223180017865
27.0,2.6339279404841775e-05,37.36627800518907,3.42595879074475,33.629650204670156
28.0,2.736187379309694e-05,38.81698383547328,3.5589679813137614,34.93528545192595
29.0,2.838775621499206e-05,40.272354242080645,3.692404847506692,36.24511881787258
30.0,2.941691871480825e-05,41.73237793861268,3.826268354520555,37.55914014475141
31.0,3.0449353294809158e-05,43.1970435790627,3.960557462087134,38.877339221156426
32.0,3.148505191539675e-05,44.66633975803686,4.0952711244932525,40.199705782233174
33.0,3.2524006495267176e-05,46.14025501097527,4.2304082906010425,41.52622950987774
34.0,3.356620891156669e-05,47.618777814373175,4.3659679038682295,42.856900032935854
35.0,3.4611651000047764e-05,49.101896586002454,4.501948902368435,44.1917069274022
36.0,3.56603245552253e-05,50.5895996851332,4.638350218811496,45.53063971661987
37.0,3.671222133053299e-05,52.08187541275557,4.775170780563804,46.87368787148001
38.0,3.77673330384796e-05,53.57871201180146,4.912409509668629,48.220840810621304
39.0,3.8825651350805765e-05,55.080097667366985,5.050065322866521,49.57208790063028
40.0,3.988716789864049e-05,56.58602050693448,5.188137131615658,50.92741845624103
41.0,4.095187427265799e-05,58.09646860059498,5.326623842112252,52.28682174053548
42.0,4.201976202323455e-05,59.61142996127081,5.46552435531095,53.65028696514372
43.0,4.309082266060558e-05,61.130892544938305,5.6048375669452595,55.01780329044447
44.0,4.4165047655022596e-05,62.65484425085059,5.7445623675479744,56.389359825765524
45.0,4.524242843691059e-05,64.18327292176079,5.884697642471635,57.7649456295847
46.0,4.6322956397025305e-05,65.71616634414517,6.025242271908993,59.14454970973064
47.0,4.7406622886610624e-05,67.25351224842639,6.166195130913475,60.52816102358375
48.0,4.8493419217556155e-05,68.79529830919711,6.3075550894196875,61.915768478277386
49.0,4.958333666255479e-05,70.34151214544343,6.4493210122639075,63.30736093089909
50.0,5.0676366455260634e-05,71.89214132076906,6.5914917592046205,64.70292718869214
51.0,5.177249979044647e-05,73.44717334361854,6.734066184943008,66.10245600925667
52.0,5.287172782416215e-05,75.00659566750213,6.877043139143549,67.50593610075191
53.0,5.397404167389235e-05,76.57039569121946,7.0204214664545335,68.91335612209751
54.0,5.507943241871485e-05,78.13856075908413,7.164200006528654,70.32470468317571
55.0,5.618789109945857e-05,79.71107816114795,7.308377594043566,71.73997034503316
56.0,5.729940871886221e-05,81.28793513342593,7.452953058722511,73.15914162008333
57.0,5.841397624173234e-05,82.86911885812056,7.597925225354891,74.5822069723085
58.0,5.953158459510212e-05,84.45461646384702,7.743292913816904,76.0091548174623
59.0,6.0652224668389986e-05,86.04441502585826,7.889054939092192,77.43997352327243
60.0,6.17758873135581e-05,87.63850156626984,8.035210111292445,78.87465140964284
61.0,6.290256334527142e-05,89.2368630542855,8.181757235678091,80.31317674885693
62.0,6.403224354105631e-05,90.83948640642227,8.328695112678934,81.75553776578003
63.0,6.51649186414598e-05,92.44635848673636,8.476022537914863,83.20172263806272
64.0,6.630057935020834e-05,94.05746610704837,8.623738302216495,84.65171949634352
65.0,6.74392163343672e-05,95.67279602716945,8.771841191645924,86.1055164244525
66.0,6.858082022449956e-05,97.29233495512699,8.920329987517404,87.56310145961427
67.0,6.972538161482598e-05,98.91606954739076,9.069203466418083,89.02446259265167
68.0,7.087289106338347e-05,100.54398640909878,9.218460400228714,90.4895877681889
69.0,7.202333909218547e-05,102.17607209428404,9.368099556144447,91.95846488485563
70.0,7.317671618738077e-05,103.81231310610012,9.518119696695507,93.4310817954901
71.0,7.433301279941377e-05,105.4526958970485,9.668519579768034,94.90742630734364
72.0,7.549221934318382e-05,107.09720686920456,9.819297958624816,96.38748618228408
73.0,7.665432619820511e-05,108.74583237444443,9.970453581926076,97.87124913699998
74.0,7.78193237087666e-05,110.39855871467192,10.121985193750286,99.35870284320472
75.0,7.89872021840919e-05,112.05537214204533,10.273891533614952,100.84983492784079
76.0,8.015795189849934e-05,113.71625885920443,10.426171336497438,102.34463297328398
77.0,8.133156309156183e-05,115.38120501949739,10.578823332855766,103.84308451754764
78.0,8.250802596826744e-05,117.05019672720847,10.73184624864949,105.34517705448762
79.0,8.368733069917932e-05,118.72322003778497,10.885238805360503,106.85089803400646
80.0,8.486946742059616e-05,120.40026095806483,11.038999720013912,108.36023486225834
81.0,8.605442623471235e-05,122.08130544650386,11.193127705198867,109.87317490185346
82.0,8.724219720977877e-05,123.7663394134038,11.347621469089471,111.38970547206341
83.0,8.843277038026301e-05,125.45534872113967,11.502479715465624,112.9098138490257
84.0,8.962613574700989e-05,127.14831918438747,11.657701143733904,114.43348726594871
85.0,9.082228327740242e-05,128.84523657035254,11.813284448948496,115.96071291331728
86.0,9.202120290552218e-05,130.54608659899705,11.969228321832059,117.49147793909734
87.0,9.322288453231032e-05,132.25085494326845,12.125531448796668,119.02576944894159
88.0,9.442731802572821e-05,133.9595272293273,12.282192511964702,120.56357450639456
89.0,9.563449322091845e-05,135.6720890367758,12.439210189189797,122.1048801330982
90.0,9.684439992036548e-05,137.38852589888555,12.596583154077726,123.64967330899698
91.0,9.80570278940571e-05,139.1088233028267,12.754310076007416,125.19794097254402
92.0,9.927236687964515e-05,140.83296668989595,12.912389620151847,126.74967002090635
93.0,0.00010049040658260677,142.5609414557453,13.070820447499022,128.30484731017077
94.0,0.00010171113667640547,144.29273295061049,13.229601214872922,129.86345965554943
95.0,0.00010293454680265249,146.02832647954,13.38873057495449,131.42549383158598
96.0,0.00010416062657126763,147.76770730262317,13.548207176302558,132.99093657236082
97.0,0.00010538936556064124,149.51086063522,13.708029663374909,134.559774571698
98.0,0.00010662075331779511,151.25777164818948,13.868196676549205,136.1319944833705
99.0,0.00010785477935854408,153.00842546811867,14.028706852144014,137.7075829213068
100.0,0.00010909143316765726,154.76280717755165,14.189558822439771,139.28652645979648
101.0,0.00011033070419901999,156.5209018152191,14.350751215699853,140.86881163369716
102.0,0.00011157258187579498,158.28269437626702,14.512282656191534,142.4544249386403
103.0,0.00011281705559058383,160.04816981248575,14.674151764206991,144.04335283123717
104.0,0.00011406411470558914,161.8173130325401,14.836357156084397,145.6355817292861
105.0,0.00011531374855277593,163.59010890219827,14.998897444228907,147.23109801197842
106.0,0.00011656594643403326,165.36654224456103,15.161771237133692,148.82988802010493
107.0,0.00011782069762133613,167.14659784029163,15.32497713940099,150.43193805626245
108.0,0.00011907799135690725,168.93026042784507,15.48851375176315,152.03723438506054
109.0,0.00012033781685337896,170.71751470369796,15.652379671103686,153.64576323332815
110.0,0.00012160016329395475,172.50834532257758,15.816573490478294,155.2575107903198
111.0,0.00012286501983257162,174.30273689769223,15.981093799135975,156.872463207923
112.0,0.0001241323755940619,176.10067400096085,16.145939182540065,158.49060660086474
113.0,0.00012540221967431502,177.90214116324242,16.311108222389297,160.11192704691817
114.0,0.00012667454114043963,179.70712287456604,16.476599496638872,161.73641058710942
115.0,0.00012794932903092594,181.51560358436114,16.642411579521585,163.364043225925
116.0,0.00012922657235580695,183.32756770168635,16.80854304156879,164.9948109315177
117.0,0.00013050626009682156,185.1429995954607,16.974992449631614,166.62869963591461
118.0,0.00013178838120757615,186.9618835946931,17.14175836690199,168.26569523522377
119.0,0.00013307292461370662,188.78420398871194,17.308839352933706,169.90578358984072
120.0,0.00013435987921304096,190.60994502739592,17.47623396366358,171.5489505246563
121.0,0.00013564923387576115,192.4390909214037,17.643940751432496,173.1951818292633
122.0,0.00013694097744456544,194.27162584240398,17.81195826500652,174.84446325816356
123.0,0.00013823509873483043,196.10753392330562,17.98028504959799,176.49678053097506
124.0,0.00013953158653477382,197.94679925848848,18.148919646886664,178.15211933263961
125.0,0.00014083042960561616,199.78940590403272,18.31786059504078,179.8104653136294
126.0,0.00014213161668174347,201.63533787794975,18.487106428738205,181.47180409015476
127.0,0.0001434351364708694,203.48457916041218,18.656655679187512,183.13612124437094
128.0,0.0001447409776541978,205.33711369398426,18.826506874149135,184.80340232458582
129.0,0.00014604912888658433,207.19292538385156,18.996658537956396,186.47363284546637
130.0,0.0001473595787966999,209.05199809805237,19.16710919153676,188.1467982882471
131.0,0.00014867231598719222,210.9143156677073,19.33785735243284,189.82288410093656
132.0,0.00014998732903484866,212.77986188725,19.50890153482359,191.50187569852497
133.0,0.00015130460649075825,214.64862051465718,19.680240249545363,193.18375846319142
134.0,0.00015262413688047437,216.5205752716793,19.8518720041131,194.86851774451134
135.0,0.00015394590870417718,218.39570984407104,20.02379530274142,196.55613885966392
136.0,0.0001552699104368354,220.2740078818209,20.19600864636569,198.24660709363877
137.0,0.00015659613052836996,222.15545299938313,20.368510532663304,199.9399076994448
138.0,0.00015792455740381518,224.04002877590668,20.541299456074647,201.636025898316
139.0,0.00015925517946348207,225.92771875546669,20.714373907824328,203.33494687991998
140.0,0.00016058798508312018,227.818506447294,20.887732375942246,205.03665580256458
141.0,0.00016192296261408057,229.71237532600665,21.061373345284775,206.74113779340595
142.0,0.00016326010038347782,231.60930883183946,21.23529529755585,208.4483779486555
143.0,0.0001645993866943521,233.509290370874,21.40949671132803,210.1583613337866
144.0,0.00016594080982583297,235.4123033152711,21.58397606206381,211.87107298374394
145.0,0.00016728435803330032,237.31833100349894,21.75873182213658,213.58649790314902
146.0,0.0001686300195485477,239.22735674056503,21.93376246085182,215.3046210665085
147.0,0.00016997778257994418,241.13936379824557,22.109066444468198,217.025427418421
148.0,0.0001713276353125976,243.0543354153172,22.284642236218776,218.74890187378548
149.0,0.00017267956590851535,244.97225479778513,22.460488296331942,220.4750293180066
150.0,0.0001740335625067688,246.89310511911617,22.636603082052773,222.20379460720451
151.0,0.0001753896132236542,248.81686952046732,22.812985047664,223.93518256842054
152.0,0.0001767477061528557,250.74353111091676,22.98963264450717,225.66917799982505
153.0,0.00017810782936560746,252.67307296769403,23.166544321003773,227.40576567092458
154.0,0.00017946997091085635,254.60547813641065,23.343718522676358,229.14493032276957
155.0,0.00018083411881542356,256.5407296312896,23.521153692169605,230.8866566681606
156.0,0.0001822002610841675,258.47881043539627,23.698848269271473,232.63092939185663
157.0,0.0001835683857001464,260.41970350086916,23.876800690934367,234.3777331507822
158.0,0.00018493848062477966,262.3633917491488,24.055009391296124,236.1270525742339
159.0,0.00018631053379801094,264.30985807120913,24.23347280170123,237.8788722640882
160.0,0.0001876845331384699,266.2590853277869,24.41218935072183,239.6331767950082
161.0,0.00018906046654363473,268.2110563496124,24.591157464178927,241.38995071465112
162.0,0.000190438321889994,270.1657539376388,24.770375565163363,243.14917854387485
163.0,0.00019181808703320913,272.12316086327274,24.949842074057003,244.91084477694542
164.0,0.0001931997498082767,274.0832598686049,25.129555408553824,246.67493388174438
165.0,0.00019458329802969,276.04603366663866,25.30951398368093,248.44143029997477
166.0,0.0001959687194916018,278.01146494152147,25.48971621181974,250.21031844736927
167.0,0.0001973560019679858,279.9795363487735,25.670160502726965,251.9815827138961
168.0,0.00019874513321279917,281.95023051551857,25.850845263555758,253.75520746396668
169.0,0.000200136100960144,283.92353004071305,26.031768898876717,255.5311770366417
170.0,0.00020152889292442987,285.8994174953764,26.21292981069903,257.3094757458387
171.0,0.00020292349680053567,287.8778754228208,26.394326398491522,259.0900878805387
172.0,0.00020431990026397096,289.85888633888027,26.575957059203642,260.87299770499226
173.0,0.00020571809097103894,291.8424327321415,26.75782018728666,262.6581894589273
174.0,0.00020711805655899713,293.8284970641721,26.939914174714573,264.44564735775486
175.0,0.00020851978464621942,295.81706176975024,27.12223741100517,266.2353555927752
176.0,0.0002099232628323587,297.8081092570957,27.3047882832412,268.0272983313861
177.0,0.00021132847869850758,299.8016219080974,27.487565176091266,269.82145971728767
178.0,0.00021273541980736064,301.79758207854417,27.670566471830938,271.61782387068973
179.0,0.00021414407370337577,303.79597209835305,27.853790550363733,273.41637488851774
180.0,0.00021555442791293609,305.79677427179945,28.037235789242164,275.2170968446195
181.0,0.00021696646994451128,307.79997087774575,28.22090056368876,277.0199737899712
182.0,0.00021838018728881868,309.80554416986996,28.40478324661698,278.82498975288297
183.0,0.0002197955674189858,311.81347637689623,28.588882208652368,280.63212873920656
184.0,0.00022121259779071096,313.82374970282274,28.773195818153457,282.44137473254045
185.0,0.00022263126584242472,315.83634632715075,28.957722441232754,284.2527116944356
186.0,0.00022405155899545148,317.8512484051138,29.142460441777754,286.0661235646023
187.0,0.0002254734646541708,319.86843806790654,29.327408181471945,287.8815942611159
188.0,0.00022689697020617772,321.8878974229124,29.512564019815628,289.6991076806211
189.0,0.00022832206302244524,323.90960855393377,29.697926314147093,291.51864769854035
190.0,0.00022974873045748475,325.9335535214197,29.88349341966344,293.3401981692777
191.0,0.00023117695984950723,327.9597143626948,30.069263689441588,295.1637429264253
192.0,0.00023260673852058383,329.98807309218677,30.25523547445913,296.98926578296806
193.0,0.0002340380537768075,332.0186117016557,30.441407123615377,298.81675053149013
194.0,0.00023547089290845377,334.05131216042247,30.62777698375226,300.6461809443802
195.0,0.00023690524319014034,336.08615641559487,30.81434339967509,302.47754077403533
196.0,0.00023834109188099008,338.12312639229873,31.001104714173756,304.3108137530688
197.0,0.00023977842622478984,340.16220399390374,31.188059268043403,306.1459835945133
198.0,0.00024121723345015198,342.20337110225194,31.375205400105404,307.9830339920267
199.0,0.00024265750077067476,344.24660957788575,31.562541447228256,309.82194862009715
200.0,0.00024409921538510272,346.2919012602754,31.750065744348426,311.66271113424784
201.0,0.00024554236447748765,348.339227968047,31.93777662449128,313.5053051712423
202.0,0.0002469869352173477,350.3885714992087,32.12567241879181,315.3497143492878
203.0,0.0002484329147598294,352.4399136313801,32.313751456515654,317.19592226824204
204.0,0.00024988029024586663,354.49323612201823,32.502012065079846,319.0439125098164
205.0,0.0002513290488023415,356.54852070864536,32.69045257007367,320.8936686377808
206.0,0.00025277917754224405,358.6057491090758,32.879071295279466,322.7451741981682
207.0,0.0002542306635648326,360.6649030216434,33.06786656269352,324.59841271947903
208.0,0.0002556834939557928,362.7259641254269,33.25683669254666,326.4533677128842
209.0,0.0002571376557873991,364.78891408047946,33.44598000332537,328.3100226724315
210.0,0.00025859313611867324,366.85373452805317,33.6352948117923,330.16836107524784
211.0,0.0002600499219955444,368.9204070908263,33.82477943300719,332.02836638174364
212.0,0.0002615080004510092,370.98891337313023,34.01443218034761,333.8900220358172
213.0,0.00026296735850529074,373.0592349611753,34.20425136552968,335.7533114650578
214.0,0.0002644279831659978,375.13135342327655,34.39423529862878,337.61821808094885
215.0,0.0002658898614282854,377.2052503100813,34.584382288100414,339.48472527907313
216.0,0.00026735298027501334,379.28090715479425,34.77469064080084,341.35281643931484
217.0,0.0002688173266769053,381.35830547340333,34.965158662007795,343.22247492606294
218.0,0.00027028288759270826,383.4374267649056,35.15578465544117,345.093684088415
219.0,0.000271749649969352,385.51825251153355,35.34656692328379,346.96642726038016
220.0,0.00027321760074210734,387.6007641789797,35.53750376620202,348.8406877610817
221.0,0.000274686726834745,389.6849432166221,35.728593483366396,350.71644889495985
222.0,0.0002761570151596952,391.7707710577502,35.91983437247236,352.5936939519752
223.0,0.00027762845261820586,393.8582291197901,36.11122472976091,354.4724062078111
224.0,0.0002791010261005013,395.94729880452894,36.30276285003919,356.352568924076
225.0,0.00028057472248594066,398.03796149834005,36.49444702670109,358.234165348506
226.0,0.00028204952864317636,400.1301985724076,36.686275551747876,360.1171787151668
227.0,0.00028352543143031315,402.22399138295236,36.8782467158089,362.00159224465705
228.0,0.0002850024176950644,404.3193212714532,37.07035880816187,363.88738914430786
229.0,0.0002864804742749128,406.4161695648755,37.26261011675382,365.77455260838786
230.0,0.0002879595879972669,408.51451757589257,37.45499892822141,367.66306581830327
231.0,0.000289439745679619,410.61434660311033,37.6475235279115,369.55291194279926
232.0,0.000290920934129704,412.71563793129206,37.8401821999018,371.4440741381628
233.0,0.00029240314014565615,414.81837283158137,38.032973227021266,373.3365355484232
234.0,0.0002938863505161666,416.9225325617251,38.22589489087058,375.2302793055526
235.0,0.0002953705520206422,419.0280983662991,38.41894547184281,377.12528852966915
236.0,0.00029685573142936163,421.13505147692945,38.61212324914374,379.02154632923646
237.0,0.00029834187550363376,423.24337311251713,38.80542650081242,380.9190358012654
238.0,0.0002998289709959539,425.35304447945987,38.998853503741536,382.81774003151384
239.0,0.0003013170046501619,427.46404677187604,39.192402533697944,384.7176420946884
240.0,0.0003028059632015983,429.57636117182693,39.386071865343,386.6187250546442
241.0,0.0003042958333772615,431.6899688495388,39.579859772252995,388.5209719645849
242.0,0.000305786601895965,433.8048509636265,39.773764526939594,390.4243658672638
243.0,0.00030727825546849366,435.9209886613151,39.9677844008702,392.32888979518356
244.0,0.00030877078079776036,438.0383630786621,40.161917664488286,394.23452677079587
245.0,0.0003102641645789624,440.1569553407791,40.356162587233754,396.1412598067012
246.0,0.00031175839349973825,442.27674656205454,40.550517437563336,398.049071905849
247.0,0.00031325345424032254,444.3977178463732,40.74498048297074,399.95794606173587
248.0,0.00031474933347370375,446.5198502873403,40.93954999000717,401.8678652586063
249.0,0.0003162460178657795,448.64312496850147,41.13422422430151,403.7788124716513
250.0,0.0003177434940755123,450.76752296356386,41.32900145058061,405.69077066720746
251.0,0.00031924174875508506,452.89302533661663,41.523879932689475,407.6037228029549
252.0,0.00032074076855005766,455.01961314235325,41.71885793361165,409.5176518281179
253.0,0.00032224054009952186,457.1472674262913,41.91393371548939,411.4325406836621
254.0,0.0003237410500362555,459.27596922499094,42.109105539643686,413.3483723024918
255.0,0.00032524228498688045,461.40569956627905,42.3043716665948,415.2651296096511
256.0,0.00032674423157201554,463.53643946946664,42.49973035608221,417.18279552251994
257.0,0.000328246876406432,465.6681699455686,42.695179867084775,419.1013529510117
258.0,0.00032975020609920933,467.8008719975256,42.89071845784103,421.02078479777293
259.0,0.00033125420725388854,469.93452662042074,43.086344385869126,422.94107395837864
260.0,0.00033275886646862835,472.0691148017019,43.28205590798713,424.86220332153164
261.0,0.00033426417033635756,474.20461752139727,43.47785128033285,426.7841557692575
262.0,0.0003357701054449316,476.3410157523378,43.67372875838421,428.70691417710395
263.0,0.0003372766583772862,478.47829046037504,43.8696865969792,430.6304614143375
264.0,0.00033878381571159023,480.6164226045981,44.065723050335826,432.55478034413824
265.0,0.000340291564021401,482.75539313755377,44.261836372072224,434.4798538237983
266.0,0.0003417998898758177,484.8951830054645,44.4580248152267,436.40566470491797
267.0,0.0003433087798396345,487.0357731484451,44.65428663227756,438.33219583360057
268.0,0.00034481822047349503,489.17714450072265,44.85062007516329,440.25943005065034
269.0,0.00034632819833404506,491.31927799085224,45.047023395302354,442.187350191767
270.0,0.000347838699974086,493.4621545419355,45.24349484361318,444.1159390877419
271.0,0.00034934971194272834,495.6057550718375,45.4400326705341,446.0451795646537
272.0,0.0003508612207855445,497.75006049340453,45.636635126043295,447.975054444064
273.0,0.0003523732130447202,499.89505171467795,45.833300459678384,449.9055465432101
274.0,0.00035388567525920973,502.04070963911494,46.03002692055669,451.8366386752034
275.0,0.00035539859396488665,504.18701516580234,46.22681275739486,453.768313649222
276.0,0.0003569119556946968,506.3339491896733,46.42365621852868,455.70055427070594
277.0,0.0003584257469788104,508.4814926017237,46.62055555193294,457.63334334155127
278.0,0.0003599399543447743,510.62962628922736,46.817509005241185,459.5666636603046
279.0,0.0003614545643176641,512.7783311359525,47.01451482576555,461.5004980223572
280.0,0.00036296956342023423,514.9275880223745,47.21157126051625,463.4348292201369
281.0,0.0003644849381730729,517.0773778258953,47.40867655622172,465.3696400433057
282.0,0.0003660006750947506,519.2276814210546,47.60582895934796,467.30491327894913
283.0,0.000367516760701973,521.3784796797468,47.803026716118424,469.240631711772
284.0,0.0003690331815097313,523.5297534714334,48.00026807253354,471.17677812429
285.0,0.0003705499240314539,525.6814836633597,48.197551274390484,473.11333529702364
286.0,0.0003720669747791574,527.8336511207673,48.39487456730279,475.05028600869053
287.0,0.0003735843202635956,529.986236707107,48.59223619671974,476.9876130363962
288.0,0.00037510194699441255,532.1392212842549,48.789634407946274,478.9252991558293
289.0,0.0003766198414802913,534.2925857127237,48.98706744616232,480.8633271414513
290.0,0.0003781379902291048,536.4463108518772,49.18453355644245,482.8016797666894
291.0,0.0003796563797480655,538.6003775601419,49.38203098377533,484.7403398041276
292.0,0.00038117499654387544,540.7547666952202,49.579557973083226,486.67929002569815
293.0,0.00038269382712287673,542.9094591143041,49.777112769241576,488.6185132028736
294.0,0.00038421285799119875,545.0644356742836,49.974693617098175,490.5579921068551
295.0,0.000385732075654911,547.2196772319638,50.17229876149301,492.49770950876734
296.0,0.00038725146662016994,549.3751646442732,50.369926447277386,494.43764817984584
297.0,0.00038877101739336837,551.5308787684756,50.56757491933335,496.3777908916281
298.0,0.00039029071448128545,553.6868004623831,50.765242422593204,498.3181204161447
299.0,0.00039181054439123313,555.842910584563,50.962927202058545,500.2586195261067
300.0,0.00039333049363120807,557.9991899945547,51.16062750282003,502.19927099509925
301.0,0.0003948505487100368,560.1556195530746,51.358341570076256,504.1400575977671
302.0,0.00039637069613752604,562.3121801222295,51.55606764915333,506.08096211000657
303.0,0.0003978909224246095,564.4688525657252,51.753803985523916,508.02196730915267
304.0,0.0003994112140834969,566.6256177490777,51.95154882482669,509.96305597416995
305.0,0.0004009315576278207,568.7824565398214,52.149300412885346,511.90421088583923
306.0,0.00040245193957278314,570.9393498077175,52.34705699572778,513.8454148269457
307.0,0.00040397234643530525,573.0962784249657,52.54481681960545,515.7866505824691
308.0,0.0004054927647341731,575.2532232664114,52.7425781310124,517.7279009397703
309.0,0.00040701318099018455,577.4101652097544,52.940339176704335,519.6691486887789
310.0,0.0004085335817262961,579.5670851357564,53.13809820371775,521.6103766221808
311.0,0.0004100539534677699,581.7239639284504,53.33585345938905,523.5515675356053
312.0,0.0004115742827423203,583.8807824753478,53.53360319137356,525.492704227813
313.0,0.0004130945560802585,586.0375216676446,53.731345647664405,527.4337695008801
314.0,0.00041461476001464095,588.1941624004307,53.92907907661178,529.3747461603875
315.0,0.00041613488108141385,590.350685572896,54.12680172694174,531.3156170156064
316.0,0.00041765490581955906,592.5070720885369,54.32451184777523,533.2563648796832
317.0,0.0004191748207712396,594.6633028553626,54.52220768864691,535.1969725698264
318.0,0.00042069461248194493,596.8193587861015,54.71988749952415,537.1374229074913
319.0,0.00042221426750063657,598.9752207984076,54.91754953082592,539.0776987185667
320.0,0.00042373377237989125,601.1308698150634,55.11519203344143,541.017782833557
321.0,0.00042525311367604823,603.2862867641896,55.31281325874928,542.9576580877706
322.0,0.0004267722779493523,605.4414525794471,55.51041145863605,544.8973073215024
323.0,0.0004282912517640984,607.5963482002427,55.707984885515145,546.8367133802184
324.0,0.00042981002168877543,609.750954571933,55.90553179234546,548.7758591147395
325.0,0.00043132857429621077,611.9052526460292,56.103050432650214,550.7147273814262
326.0,0.0004328468961637143,614.0592233804018,56.30053906053566,552.6533010423616
327.0,0.00043436497387322004,616.2128477394815,56.49799593070953,554.5915629655333
328.0,0.00043588279401143246,618.3661066944662,56.695419298500006,556.5294960250196
329.0,0.00043740034316996717,620.5189812235213,56.89280741987411,558.4670831011691
330.0,0.0004389176079454951,622.6714523119838,57.09015855145638,560.4043070807853
331.0,0.00044043457493988587,624.823500952566,57.28747095054758,562.3411508573092
332.0,0.00044195123076034746,626.975108145553,57.48474287514281,564.2775973309977
333.0,0.0004434675620195721,629.126254899011,57.68197258395052,566.2136294091098
334.0,0.00044498355533587665,631.2769222289847,57.87915833641074,568.1492300060862
335.0,0.00044649919733334427,633.4270911596999,58.076298392713554,570.0843820437298
336.0,0.00044801447464196717,635.5767427237647,58.27339101381762,572.0190684513881
337.0,0.0004495293738977875,637.7258579623702,58.47043446146852,573.9532721661332
338.0,0.000451043881743039,639.8744179254915,58.66742699821717,575.8869761329423
339.0,0.0004525579848262864,642.0224036720848,58.864366887437974,577.8201633048762
340.0,0.00045407166980256986,644.1697962702926,59.06125239334757,579.7528166432633
341.0,0.00045558492333354263,646.3165767976394,59.258081781022796,581.6849191178754
342.0,0.00045709773208761243,648.4627263412319,59.454853316419026,583.6164537071087
343.0,0.0004586100827400822,650.6082259979585,59.6515652663885,585.5474033981626
344.0,0.0004601219619732892,652.7530568746871,59.848215898698435,587.4777511872184
345.0,0.00046163335647674653,654.8972000884654,60.04480348204937,589.4074800796187
346.0,0.00046314425294727963,657.0406367667148,60.241326286093,591.3365730900433
347.0,0.0004646546380891692,659.1833480474334,60.437782581450705,593.26501324269
348.0,0.0004661644986142884,661.3253150793901,60.634170639731444,595.192783571451
349.0,0.00046767382124224233,663.4665190223226,60.83048873354984,597.1198671200902
350.0,0.00046918259270050674,665.6069410471347,61.02673513654428,599.0462469424211
351.0,0.00047069079972456615,667.7465623360915,61.22290812339484,600.9719061024823
352.0,0.0004721984290580534,669.8853640830181,61.419005969841464,602.8968276747162
353.0,0.00047370546745288504,672.0233274934909,61.61502695270154,604.8209947441418
354.0,0.0004752119016694027,674.1604337850389,61.810969349888325,606.744390406535
355.0,0.0004767177184765086,676.2966641873354,62.00683144042856,608.6669977686018
356.0,0.00047822290465180306,678.4319999423934,62.20261150448034,610.588799948154
357.0,0.00047972744698172263,680.5664223047612,62.39830782335108,612.509780074285
358.0,0.00048123133226167503,682.6999125417144,62.593918679515106,614.4299212875429
359.0,0.0004827345472961787,684.8324519334535,62.78944235663176,616.349206740108
360.0,0.00048423707889899725,686.9640217732942,62.984877139562904,618.2676195959647
361.0,0.0004857389138932763,689.0946033678628,63.180221314390735,620.1851430310763
362.0,0.00048724003911167994,691.2241780372882,63.3754731684355,622.1017602335593
363.0,0.0004887404413965254,693.3527271153944,63.57063099027307,624.0174544038548
364.0,0.0004902401075999209,695.4802319498949,63.76569306975278,625.9322087549053
365.0,0.000491739024583897,697.60667390258,63.96065769801461,627.846006512322
366.0,0.0004932371792205461,699.7320343495139,64.15552316750727,629.7588309145625
367.0,0.0004947345583921551,701.8562946812236,64.35028777200549,631.6706652131012
368.0,0.0004962311489913402,703.9794363028893,64.5449498066275,633.5814926726003
369.0,0.000497726937921181,706.1014406345356,64.73950756785254,635.491296571082
370.0,0.0004992219120953554,708.2222891112222,64.93395935353836,637.4000602000998
371.0,0.0005007160584382738,710.3419631832342,65.12830346293867,639.3077668649107
372.0,0.0005022093638852109,712.46044431627,65.32253819672037,641.214399884643
373.0,0.0005037018153824413,714.5777139916325,65.51666185698106,643.1199425924692
374.0,0.0005051933998873718,716.6937537064176,65.71067274726632,645.0243783357757
375.0,0.0005066841043686746,718.8085449737026,65.904569172587,646.9276904763323
376.0,0.000508173915806419,720.9220693227337,66.09834943943646,648.8298623904603
377.0,0.0005096628211922056,723.0343082991159,66.29201185580786,650.7308774692043
378.0,0.0005111508075292979,725.1452434649995,66.48555473121135,652.6307191184995
379.0,0.000512637861832752,727.2548563992647,66.67897637669103,654.5293707593381
380.0,0.0005141239711295522,729.3631286977136,66.87227510484243,656.4268158279422
381.0,0.0005156091224587404,731.4700419732536,67.06544922982943,658.3230377759282
382.0,0.0005170933028715475,733.5755778560848,67.25849706740136,660.2180200704762
383.0,0.000518576499431524,735.6797179938834,67.45141693490996,662.1117461944949
384.0,0.0005200586992146716,737.7824440519905,67.64420715132647,664.0041996467913
385.0,0.0005215398893095738,739.8837377135959,67.83686603725869,665.8953639422363
386.0,0.0005230200568175239,741.9835806799204,68.02939191496756,667.7852226119282
387.0,0.000524499188852659,744.0819546704054,68.22178310838463,669.6737592033647
388.0,0.0005259772725420859,746.1788414228921,68.41403794312842,671.5609572806029
389.0,0.0005274542950260125,748.2742226938077,68.60615474652154,673.4468004244269
390.0,0.0005289302434578781,750.3680802583498,68.79813184760755,675.3312722325147
391.0,0.0005304051050044781,752.4603959106635,68.98996757716728,677.2143563195971
392.0,0.000531878866846098,754.5511514640325,69.18166026773625,679.0960363176291
393.0,0.0005333515161766384,756.6403287510547,69.37320825362085,680.9762958759492
394.0,0.0005348230402037445,758.7279096238275,69.56460987091528,682.8551186614446
395.0,0.000536293426148934,760.8138759541278,69.75586345751807,684.7324883587149
396.0,0.0005377626612477238,762.8982096335931,69.94696735314874,686.6083886702337
397.0,0.0005392307327497597,764.9808925739048,70.13791989936445,688.4828033165143
398.0,0.0005406976279189393,767.0619067069626,70.32871943957618,690.3557160362664
399.0,0.0005421633340335441,769.141233985072,70.51936431906576,692.2271105865647
400.0,0.0005436278383863629,771.2188563811188,70.70985288500205,694.0969707430069
401.0,0.0005450911282848187,773.2947558887505,70.90018348645734,695.9652802998754
402.0,0.000546553191051095,775.3689145225542,71.09035447442386,697.8320230702986
403.0,0.0005480140140222619,777.4413143182354,71.28036420183011,699.6971828864117
404.0,0.000549473584550402,779.5119373327981,71.4702110235573,701.5607435995182
405.0,0.0005509318900027332,781.5807656447175,71.65989329645528,703.4226890802457
406.0,0.0005523889177617376,783.6477813541233,71.8494093793593,705.2830032187109
407.0,0.0005538446552252832,785.7129665829725,72.03875763310589,707.1416699246752
408.0,0.0005552990898067502,787.7763034752289,72.22793642054927,708.998673127706
409.0,0.0005567522089351546,789.8377741970376,72.41694410657735,710.8539967773337
410.0,0.0005582040000552716,791.8973609369004,72.60577905812791,712.7076248432103
411.0,0.0005596544506277603,793.9550459058535,72.79443964420472,714.559541315268
412.0,0.0005611035481292852,796.0108113376386,72.98292423589339,716.4097302038747
413.0,0.0005625512800526424,798.0646394888829,73.17123120637778,718.2581755399946
414.0,0.0005639976339068805,800.11651263927,73.3593589309557,720.1048613753429
415.0,0.000565442597217423,802.1664130917137,73.54730578705481,721.9497717825423
416.0,0.0005668861575261912,804.2143231725329,73.73507015424876,723.7928908552796
417.0,0.0005683283023917256,806.2602252316229,73.92265041427277,725.6342027084606
418.0,0.0005697690193893098,808.3041016426321,74.11004495103984,727.4736914783688
419.0,0.0005712082961110883,810.3459348031279,74.29725215065612,729.311341322815
420.0,0.0005726461201661909,812.3857071347749,74.48427040143703,731.1471364212973
421.0,0.0005740824791808524,814.4234010835028,74.67109809392282,732.9810609751524
422.0,0.0005755173607985334,816.4589991196794,74.85773362089432,734.8130992077114
423.0,0.0005769507526800397,818.4924837382791,75.04417537738847,736.6432353644511
424.0,0.000578382642503644,820.5238374590557,75.2304217607141,738.4714537131501
425.0,0.0005798130179652053,822.5530428267118,75.41647117046752,740.2977385440405
426.0,0.0005812418667782863,824.5800824110656,75.60232200854779,742.122074169959
427.0,0.0005826691766742761,826.6049388072246,75.7879726791726,743.944444926502
428.0,0.0005840949354025066,828.6275946357509,75.97342158889352,745.7648351721757
429.0,0.0005855191307303724,830.6480325428314,76.15866714661149,747.5832292885482
430.0,0.0005869417504434475,832.666235200443,76.34370776359209,749.3996116803986
431.0,0.000588362782345606,834.6821853065243,76.52854185348119,751.2139667758718
432.0,0.0005897822142591372,836.6958655851387,76.71316783231993,753.0262790266247
433.0,0.000591200034024865,838.7072587866436,76.89758411856023,754.8365329079792
434.0,0.0005926162295022645,840.7163476878561,77.08178913308004,756.6447129190705
435.0,0.0005940307885695788,842.7231150922183,77.26578129919838,758.4508035829964
436.0,0.0005954436991239351,844.7275438299628,77.4495590426906,760.2547894469664
437.0,0.0005968549490814625,846.7296167582784,77.6331207918036,762.0566550824506
438.0,0.0005982645263774066,848.7293167614747,77.81646497727081,763.8563850853271
439.0,0.000599672418966245,850.7266267511442,77.99959003232713,765.6539640760296
440.0,0.0006010786148218055,852.7215296663301,78.18249439272435,767.4493766996969
441.0,0.0006024831019373775,854.7140084736859,78.36517649674566,769.2426076263172
442.0,0.0006038858683258299,856.704046167641,78.54763478522095,771.0336415508767
443.0,0.0006052869020197233,858.6916257705602,78.7298677015414,772.8224631935041
444.0,0.0006066861910714261,860.6767303329095,78.91187369167464,774.6090572996185
445.0,0.0006080837235532276,862.6593429334151,79.09365120417937,776.3934086400735
446.0,0.0006094794875574518,864.6394466792257,79.27519869022024,778.175502011303
447.0,0.0006108734711965705,866.6170247060726,79.45651460358252,779.9553222354652
448.0,0.0006122656626033177,868.592060178432,79.63759740068697,781.7328541605887
449.0,0.0006136560499307997,870.5645362896818,79.81844554060426,783.5080826607135
450.0,0.0006150446213526102,872.5344362622641,79.99905748506976,785.2809926360376
451.0,0.000616431365062942,874.5017433478436,80.17943169849823,787.0515690130591
452.0,0.0006178162692766966,876.4664408274641,80.35956664799802,788.8197967447176
453.0,0.0006191993222295989,878.42851201171,80.53946080338596,790.5856608105389
454.0,0.0006205805121783067,880.3879402408629,80.71911263720166,792.3491462167765
455.0,0.0006219598274005223,882.3447088850583,80.89852062472197,794.1102379965523
456.0,0.0006233372561951015,884.2988013444419,81.07768324397517,795.8689212099977
457.0,0.0006247127868821667,886.2502010493289,81.25659897575574,797.6251809443959
458.0,0.0006260864078032147,888.1988914603577,81.4352663036383,799.3790023143218
459.0,0.0006274581073212275,890.1448560686465,81.61368371399209,801.1303704617818
460.0,0.0006288278738207815,892.0880783959482,81.79184969599505,802.8792705563533
461.0,0.000630195695708156,894.0285419948052,81.96976274164818,804.6256877953246
462.0,0.0006315615614114436,895.9662304487048,82.1474213457896,806.3696074038343
463.0,0.0006329254593806562,897.9011273722306,82.32482400610854,808.1110146350075
464.0,0.0006342873780878357,899.8332164112184,82.50196922315968,809.8498947700965
465.0,0.0006356473060271597,901.7624812429079,82.67885550037688,811.5862331186171
466.0,0.0006370052317150511,903.6889055760964,82.8554813440875,813.3200150184866
467.0,0.0006383611436902834,905.6124731512891,83.03184526352598,815.0512258361601
468.0,0.0006397150305140897,907.5331677408537,83.20794577084814,816.7798509667683
469.0,0.0006410668807702666,909.4509731491676,83.38378138114462,818.5058758342507
470.0,0.0006424166830652834,911.3658732127724,83.5593506124551,820.2292858914951
471.0,0.0006437644260283856,913.2778518005222,83.73465198578181,821.9500666204699
472.0,0.0006451100983117027,915.1868928137345,83.90968402510343,823.668203532361
473.0,0.0006464536885903513,917.0929801863383,84.08444525738867,825.3836821677044
474.0,0.0006477951855625423,918.996097885025,84.25893421261006,827.0964880965224
475.0,0.0006491345779496846,920.896229909396,84.43314942375754,828.8066069184563
476.0,0.0006504718544964882,922.7933602921087,84.6070894268518,830.5140242628977
477.0,0.0006518070039710719,924.6874730990294,84.78075276095832,832.2187257891263
478.0,0.0006531400151650618,926.5785524293735,84.95413796820021,833.9206971864361
479.0,0.0006544708768937001,928.4665824158592,85.12724359377235,835.6199241742733
480.0,0.0006557995779959445,930.3515472248486,85.30006818595423,837.3163925023637
481.0,0.0006571261073345729,932.2334310564966,85.4726102961237,839.0100879508468
482.0,0.0006584504537962841,934.1122181448932,85.64486847877001,840.7009963304038
483.0,0.0006597726062918019,935.987892758212,85.8168412915073,842.3891034823907
484.0,0.0006610925537559761,937.8604391988528,85.98852729508786,844.0743952789674
485.0,0.0006624102851478831,939.7298418035841,86.15992505341507,845.7568576232256
486.0,0.0006637257894509283,941.5960849436898,86.33103313355686,847.4364764493207
487.0,0.0006650390556729467,943.4591530251097,86.50185010575865,849.1132377225987
488.0,0.0006663500728463032,945.319030488584,86.67237454345653,850.7871274397255
489.0,0.0006676588300279917,947.1757018097921,86.84260502329006,852.4581316288128
490.0,0.0006689653162997378,949.0291514994999,87.01254012511572,854.1262363495498
491.0,0.0006702695207680945,950.8793641036939,87.1821784320192,855.7914276933244
492.0,0.0006715714325645449,952.7263242037283,87.35151853032893,857.4536917833553
493.0,0.0006728710408455992,954.5700164164618,87.52055900962861,859.1130147748155
494.0,0.0006741683347928939,956.4104253943989,87.68929846277011,860.7693828549588
495.0,0.0006754633036132887,958.2475358258265,87.85773548588611,862.4227822432438
496.0,0.0006767559365389661,960.0813324349565,88.025868678403,864.0731991914607
497.0,0.0006780462228275286,961.9117999820621,88.19369664305361,865.7206199838558
498.0,0.0006793341517620948,963.7389232636156,88.36121798588961,867.3650309372539
499.0,0.0006806197126513971,965.562687112426,88.52843131629429,869.0064184011833
500.0,0.0006819028948298786,967.383076397777,88.69533524699511,870.6447687579993
501.0,0.000683183687657789,969.2000760255632,88.86192839407627,872.2800684230068
502.0,0.0006844620805212785,971.0136709384225,89.02820937699079,873.9123038445802
503.0,0.0006857380628324977,972.8238461158784,89.19417681857361,875.5414615042905
504.0,0.0006870116240296882,974.6305865744687,89.35982934505329,877.1675279170217
505.0,0.0006882827535772805,976.4338773678838,89.52516558606482,878.7904896310954
506.0,0.0006895514409659875,978.2337035871004,89.69018417466177,880.4103332283903
507.0,0.0006908176757128986,980.0300503605134,89.85488374732849,882.027045324462
508.0,0.0006920814473615728,981.8229028540693,90.0192629439922,883.6406125686623
509.0,0.0006933427454821345,983.6122462714017,90.18332040803557,885.2510216442613
510.0,0.0006946015596713641,985.3980658539596,90.34705478630839,886.8582592685635
511.0,0.0006958578795527922,987.1803468811413,90.5104647291398,888.4623121930271
512.0,0.0006971116947767919,988.9590746704255,90.67354889035045,890.0631672033828
513.0,0.0006983629950206712,990.7342345775018,90.83630592726435,891.6608111197514
514.0,0.0006996117699887639,992.5058119964,90.99873450072079,893.25523079676
515.0,0.0007008580094125218,994.2737923596216,91.16083327508632,894.8464131236593
516.0,0.0007021017030506059,996.0381611382676,91.32260091826657,896.4343450244406
517.0,0.0007033428406889768,997.798903842168,91.48403610171808,898.0190134579511
518.0,0.0007045814121409846,999.556006020009,91.64513750045988,899.6004054180081
519.0,0.0007058174072474602,1001.3094532594629,91.80590379308555,901.1785079335165
520.0,0.0007070508158768055,1003.0592311873148,91.96633366177471,902.7533080685832
521.0,0.0007082816279250802,1004.805325469587,92.12642579230452,904.3247929226283
522.0,0.0007095098333160925,1006.5477218116679,92.2861788740614,905.892949630501
523.0,0.0007107354220014888,1008.2864059584373,92.44559160005262,907.4577653625935
524.0,0.0007119583839608397,1010.0213636943911,92.60466266691769,909.0192273249519
525.0,0.0007131787092017308,1011.7525808437678,92.76339077493988,910.5773227593909
526.0,0.000714396387759847,1013.4800432706693,92.92177462805746,912.1320389436023
527.0,0.0007156114096990635,1015.2037368791902,93.0798129338754,913.683363191271
528.0,0.00071682376511153,1016.9236476135359,93.23750440367633,915.2312828521822
529.0,0.0007180334441177576,1018.6397614581474,93.39484775243183,916.7757853123326
530.0,0.0007192404368667071,1020.3520644378259,93.551841698814,918.3168579940432
531.0,0.0007204447335358721,1022.0605426178505,93.70848496520617,919.8544883560653
532.0,0.0007216463243313666,1023.7651821041027,93.86477627771436,921.3886638936923
533.0,0.0007228451994880104,1025.4659690431877,94.02071436617831,922.9193721388689
534.0,0.0007240413492694122,1027.1628896225523,94.17629796418244,924.4466006602969
535.0,0.0007252347639680546,1028.8559300706045,94.33152580906668,925.970337063544
536.0,0.0007264254339053797,1030.545076656837,94.48639664193786,927.4905689911532
537.0,0.0007276133494318705,1032.2303156919404,94.64090920768008,929.0072841227463
538.0,0.0007287985009271381,1033.9116335279286,94.79506225496618,930.5204701751356
539.0,0.0007299808787999995,1035.589016558248,94.94885453626782,932.0301149024232
540.0,0.0007311604734885661,1037.2624512179038,95.10228480786695,933.5362060961135
541.0,0.0007323372754603211,1038.93192398357,95.25535182986599,935.0387315852129
542.0,0.0007335112752122042,1040.5974213737084,95.40805436619873,936.5376792363373
543.0,0.0007346824632706931,1042.2589299486851,95.56039118464099,938.0330369538165
544.0,0.0007358508301918838,1043.9164363108846,95.71236105682105,939.5247926797961
545.0,0.0007370163665615735,1045.569927104827,95.86396275823043,941.0129343943443
546.0,0.0007381790629953376,1047.2193890172773,96.01519506823394,942.4974501155496
547.0,0.0007393389101386148,1048.8648087773659,96.16605677008066,943.9783278996292
548.0,0.0007404958986667825,1050.506173156696,96.31654665091384,945.4555558410262
549.0,0.000741650019285239,1052.14346896946,96.46666350178161,946.9291220725138
550.0,0.0007428012627294815,1053.7766830725498,96.61640611764697,948.3990147652947
551.0,0.0007439496197651849,1055.4058023656698,96.76577329739823,949.8652221291028
552.0,0.0007450950811882818,1057.0308137914492,96.91476384385929,951.3277324123042
553.0,0.0007462376378250387,1058.6517043355498,97.0633765637996,952.7865339019947
554.0,0.0007473772805321341,1060.2684610267781,97.21161026794428,954.2416149241003
555.0,0.0007485140001967362,1061.881070937195,97.3594637709843,955.6929638434755
556.0,0.0007496477877365804,1063.4895211822254,97.50693589158651,957.1405690640026
557.0,0.0007507786341000443,1065.0937989207644,97.65402545240337,958.5844190286879
558.0,0.0007519065302662261,1066.6938913552897,97.80073128008323,960.0245022197607
559.0,0.000753031467245019,1068.289785731966,97.94705220527986,961.4608071587693
560.0,0.0007541534360771872,1069.8814693407533,98.09298706266254,962.8933224066778
561.0,0.0007552724278344408,1071.468929515513,98.23853469092565,964.3220365639615
562.0,0.0007563884336195113,1073.052153634115,98.38369393279851,965.7469382707034
563.0,0.0007575014445662249,1074.631129118542,98.52846363505498,967.1680162066878
564.0,0.0007586114518395771,1076.2058434349951,98.67284264852307,968.5852590914955
565.0,0.0007597184466358084,1077.7762840940006,98.81682982809488,969.9986556846005
566.0,0.0007608224201824743,1079.3424386505112,98.96042403273567,971.40819478546
567.0,0.00076192336373852,1080.904294704009,99.10362412549352,972.813865233608
568.0,0.0007630212685943524,1082.4618398986106,99.24642897350881,974.2156559087496
569.0,0.0007641161260719134,1084.0150619231695,99.38883744802362,975.6135557308523
570.0,0.0007652079275247509,1085.5639485113763,99.53084842439105,977.0075536602385
571.0,0.0007662966643380911,1087.1084874418634,99.67246078208467,978.3976386976769
572.0,0.0007673823279289079,1088.6486665383013,99.81367340470739,979.783799884471
573.0,0.0007684649097459965,1090.1844736695039,99.95448518000119,981.1660263025533
574.0,0.0007695444012700406,1091.715896749524,100.09489499985577,982.5443070745715
575.0,0.0007706207940136847,1093.242923737756,100.234901760318,983.9186313639804
576.0,0.0007716940795216029,1094.7655426390324,100.37450436160083,985.2889883751291
577.0,0.000772764249370568,1096.2837415037231,100.51370170809233,986.6553673533507
578.0,0.0007738312951695215,1097.797508427834,100.65249270836472,988.0177575850505
579.0,0.0007748952085596413,1099.3068315531034,100.79087627518325,989.3761483977929
580.0,0.0007759559812144098,1100.8116990670983,100.92885132551503,990.7305291603883
581.0,0.0007770136048396813,1102.3120992033103,101.06641678053776,992.0808892829791
582.0,0.0007780680711737508,1103.808020241253,101.20357156564877,993.4272182171277
583.0,0.0007791193719874196,1105.299450506555,101.34031461047344,994.7695054558994
584.0,0.0007801674990840637,1106.7863783710575,101.47664484887417,996.1077405339518
585.0,0.0007812124442996979,1108.2687922529044,101.61256121895872,997.4419130276139
586.0,0.0007822541995030442,1109.7466806166399,101.74806266308904,998.7720125549757
587.0,0.0007832927565955951,1111.2200319732979,101.88314812788961,1000.0980287759679
588.0,0.0007843281075116796,1112.6888348804962,102.01781656425592,1001.4199513924464
589.0,0.0007853602442185287,1114.1530779425289,102.15206692736304,1002.7377701482759
590.0,0.0007863891587163395,1115.612749810458,102.28589817667398,1004.051474829412
591.0,0.0007874148430383382,1117.0678391822014,102.41930927594781,1005.3610552639811
592.0,0.0007884372892508466,1118.518334802629,102.55229919324839,1006.6665013223659
593.0,0.0007894564894533415,1119.9642254636456,102.68486690095204,1007.9678029172809
594.0,0.0007904724357785204,1121.405500004285,102.81701137575617,1009.2649500038564
595.0,0.0007914851203923634,1122.842147310797,102.94873159868715,1010.5579325797172
596.0,0.0007924945354941943,1124.274156316735,103.08002655510849,1011.8467406850614
597.0,0.0007935006733167455,1125.7015160030471,103.21089523472911,1013.1313644027424
598.0,0.0007945035261262148,1127.1242153981577,103.34133663161077,1014.4117938583418
599.0,0.0007955030862223312,1128.5422435780597,103.47134974417672,1015.6880192202536
600.0,0.0007964993459384122,1129.955589666397,103.60093357521902,1016.9600306997571
601.0,0.0007974922976414254,1131.3642428345506,103.73008713190659,1018.2278185510955
602.0,0.0007984819337320476,1132.768192301724,103.85880942579297,1019.4913730715515
603.0,0.0007994682466447258,1134.1674273350282,103.98709947282416,1020.7506846015252
604.0,0.0008004512288477356,1135.5619372495653,104.11495629334628,1022.0057435246086
605.0,0.0008014308728432393,1136.9517114085113,104.24237891211313,1023.2565402676601
606.0,0.000802407171167346,1138.3367392232003,104.36936635829389,1024.5030653008803
607.0,0.0008033801163901672,1139.7170101532042,104.49591766548055,1025.7453091378839
608.0,0.0008043497011158765,1141.0925137064178,104.62203187169551,1026.9832623357759
609.0,0.0008053159179827659,1142.4632394391367,104.74770801939897,1028.2169154952228
610.0,0.0008062787596633024,1143.8291769561401,104.8729451554963,1029.4462592605262
611.0,0.0008072382188641863,1145.190315910772,104.99774233134555,1030.6712843196947
612.0,0.0008081942883264052,1146.5466460050181,105.12209860276464,1031.8919814045162
613.0,0.0008091469608252907,1147.8981569895864,105.24601303003851,1033.1083412906275
614.0,0.0008100962291705729,1149.244838663984,105.3694846779264,1034.3203547975854
615.0,0.0008110420862064366,1150.586680876598,105.49251261566904,1035.528012788938
616.0,0.0008119845248115754,1151.9236735247705,105.61509591699577,1036.7313061722932
617.0,0.0008129235378992453,1153.2558065548767,105.73723366013144,1037.930225899389
618.0,0.00081385911841732,1154.5830699624014,105.85892492780364,1039.1247629661611
619.0,0.0008147912593483429,1155.9054537920142,105.98016880724947,1040.3149084128127
620.0,0.0008157199537095801,1157.222948137644,106.10096439022244,1041.5006533238795
621.0,0.0008166451945530739,1158.5355431425548,106.22131077299937,1042.6819888282992
622.0,0.0008175669749656947,1159.8432289994198,106.34120705638722,1043.8589060994777
623.0,0.000818485288069193,1161.145995950395,106.4606523457298,1045.0313963553554
624.0,0.0008194001270202513,1162.4438342871922,106.57964575091451,1046.1994508584728
625.0,0.0008203114850105342,1163.7367343511514,106.69818638637895,1047.3630609160361
626.0,0.0008212193552667403,1165.0246865333133,106.81627337111753,1048.522217879982
627.0,0.0008221237310506511,1166.3076812744891,106.93390582868797,1049.6769131470403
628.0,0.0008230246056591829,1167.585709065334,107.05108288721792,1050.8271381588004
629.0,0.0008239219724244336,1168.8587604464137,107.1678036794112,1051.9728844017723
630.0,0.0008248158247137362,1170.12682600828,107.28406734255456,1053.1141434074518
631.0,0.0008257061559297026,1171.3898963915335,107.39987301852358,1054.2509067523802
632.0,0.000826592959510277,1172.6479622868994,107.51521985378947,1055.3831660582093
633.0,0.0008274762289287786,1173.9010144352867,107.63010699942473,1056.5109129917578
634.0,0.0008283559576939545,1175.1490436278652,107.74453361110992,1057.6341392650786
635.0,0.0008292321393500227,1176.3920407061253,107.85849884913932,1058.7528366355125
636.0,0.0008301047674767214,1177.6299965619478,107.9720018784274,1059.866996905753
637.0,0.0008309738356893556,1178.8629021376712,108.08504186851475,1060.9766119239039
638.0,0.0008318393376388425,1180.0907484261543,108.19761799357404,1062.0816735835388
639.0,0.0008327012670117564,1181.3135264708421,108.30972943241593,1063.182173823758
640.0,0.0008335596175303751,1182.5312273658299,108.42137536849502,1064.2781046292469
641.0,0.0008344143829527247,1183.743842255927,108.53255498991567,1065.369458030334
642.0,0.0008352655570726238,1184.9513623367202,108.64326748943785,1066.456226103048
643.0,0.000836113133719729,1186.1537788546382,108.7535120644829,1067.5384009691743
644.0,0.0008369571067595755,1187.3510831070087,108.863287917139,1068.6159747963077
645.0,0.0008377974700936253,1188.5432664421267,108.97259425416728,1069.688939797914
646.0,0.0008386342176593055,1189.7303202593098,109.08143028700687,1070.7572882333789
647.0,0.0008394673434300533,1190.9122360089611,109.18979523178074,1071.821012408065
648.0,0.0008402968414153578,1192.089005192629,109.29768830930118,1072.8801046733658
649.0,0.0008411227056608013,1193.260619363065,109.4051087450751,1073.9345574267584
650.0,0.0008419449302481033,1194.4270701242876,109.51205576930978,1074.9843631118586
651.0,0.0008427635092951572,1195.5883491316326,109.61852861691769,1076.029514218469
652.0,0.0008435784369560753,1196.7444480918184,109.72452652752226,1077.0700032826364
653.0,0.0008443897074212249,1197.8953587629967,109.83004874546266,1078.1058228866968
654.0,0.0008451973149172718,1199.041072954814,109.9350945197994,1079.1369656593324
655.0,0.0008460012537072174,1200.1815825284639,110.03966310431916,1080.1634242756174
656.0,0.0008468015180904407,1201.3168793967477,110.14375375754028,1081.1851914570727
657.0,0.000847598102402732,1202.446955524122,110.24736574271715,1082.2022599717095
658.0,0.0008483910010163369,1203.5718029267598,110.35049832784587,1083.2146226340835
659.0,0.0008491802083399907,1204.6914136726011,110.4531507856688,1084.222272305341
660.0,0.0008499657188189563,1205.8057798814057,110.55532239367945,1085.225201893265
661.0,0.0008507475269350624,1206.9148937248074,110.65701243412744,1086.2234043523265
662.0,0.0008515256272067389,1208.0187474263644,110.75822019402314,1087.2168726837278
663.0,0.0008523000141890557,1209.1173332616142,110.85894496514268,1088.2055999354527
664.0,0.0008530706824737556,1210.2106435581209,110.95918604403228,1089.1895792023086
665.0,0.0008538376266892928,1211.2986706955287,111.05894273201318,1090.1688036259757
666.0,0.0008546008415008648,1212.381407105608,111.15821433518586,1091.1432663950472
667.0,0.0008553603216104505,1213.4588452723096,111.25700016443496,1092.1129607450785
668.0,0.0008561160617568423,1214.5309777318091,111.35529953543346,1093.077879958628
669.0,0.0008568680567156812,1215.597797072558,111.45311176864725,1094.038017365302
670.0,0.00085761630129949,1216.6592959353302,111.55043618933948,1094.993366341797
671.0,0.0008583607903577082,1217.715467013271,111.64727212757502,1095.9439203119439
672.0,0.000859101518776721,1218.7663030519402,111.74361891822431,1096.889672746746
673.0,0.000859838481479896,1219.8117968493607,111.83947590096808,1097.8306171644247
674.0,0.0008605716734276118,1220.8519412560631,111.93484242030112,1098.7667471304567
675.0,0.0008613010896172917,1221.8867291751303,112.02971782553662,1099.698056257617
676.0,0.0008620267250834358,1222.9161535622447,112.12410147081036,1100.6245382060201
677.0,0.0008627485748976488,1223.9402074257273,112.21799271508434,1101.5461866831545
678.0,0.0008634666341686735,1224.9588838265852,112.3113909221511,1102.4629954439265
679.0,0.0008641808980424188,1225.9721758785508,112.40429546063743,1103.3749582906958
680.0,0.0008648913617019904,1226.9800767481265,112.49670570400826,1104.2820690733138
681.0,0.0008655980203677202,1227.9825796546252,112.58862103057061,1105.1843216891625
682.0,0.0008663008692971943,1228.9796778702107,112.68004082347713,1106.0817100831896
683.0,0.0008669999037852834,1229.971364719941,112.77096447073008,1106.9742282479467
684.0,0.0008676951191641688,1230.9576335818044,112.86139136518473,1107.8618702236238
685.0,0.0008683865108033718,1231.9384778867618,112.9513209045532,1108.7446300980855
686.0,0.0008690740741097788,1232.9138911187824,113.04075249140769,1109.6225020069041
687.0,0.0008697578045276713,1233.883866814886,113.12968553318437,1110.4954801333972
688.0,0.0008704376975387495,1234.848398565176,113.21811944218648,1111.3635587086583
689.0,0.000871113748662161,1235.8074800128816,113.3060536355881,1112.2267320115934
690.0,0.0008717859534545251,1236.7611048543904,113.3934875354372,1113.0849943689511
691.0,0.0008724543075099593,1237.7092668392872,113.4804205686592,1113.9383401553584
692.0,0.000873118806460101,1238.651959770385,113.56685216705975,1114.7867637933464
693.0,0.0008737794459741376,1239.5891775037665,113.65278176732856,1115.6302597533895
694.0,0.0008744362217588251,1240.520913948811,113.73820881104203,1116.4688225539298
695.0,0.000875089129558516,1241.4471630682356,113.82313274466664,1117.3024467614118
696.0,0.0008757381651551809,1242.3679188781225,113.90755301956192,1118.1311269903101
697.0,0.0008763833243684321,1243.2831754479557,113.99146909198345,1118.95485790316
698.0,0.0008770246030555454,1244.19292690065,114.07488042308574,1119.773634210585
699.0,0.0008776619971114829,1245.0971674125844,114.15778647892515,1120.5874506713258
700.0,0.0008782955024689147,1245.9958912136321,114.24018673046274,1121.3963020922688
701.0,0.0008789251150982407,1246.8890925871915,114.32208065356706,1122.2001833284723
702.0,0.0008795508310076118,1247.7767658702173,114.40346772901698,1122.9990892831954
703.0,0.0008801726462429492,1248.6589054532467,114.48434744250419,1123.7930149079218
704.0,0.0008807905568879668,1249.5355057804313,114.56471928463606,1124.5819552023881
705.0,0.0008814045590641892,1250.4065613495636,114.64458275093797,1125.365905214607
706.0,0.0008820146489309715,1251.2720667121039,114.72393734185601,1126.1448600408933
707.0,0.0008826208226855191,1252.132016473209,114.8027825627594,1126.918814825888
708.0,0.0008832230765629062,1252.9864052917585,114.88111792394304,1127.6877647625824
709.0,0.0008838214068360942,1253.835227880381,114.95894294062973,1128.4517050923425
710.0,0.0008844158098159488,1254.6784790054771,115.03625713297257,1129.2106311049292
711.0,0.000885006281851259,1255.5161534872489,115.11306002605733,1129.964538138524
712.0,0.0008855928193287521,1256.3482461997185,115.18935114990445,1130.7134215797464
713.0,0.0008861754186731122,1257.174752070756,115.2651300394714,1131.4572768636804
714.0,0.0008867540763469958,1257.9956660821013,115.34039623465475,1132.1960994738909
715.0,0.0008873287888510482,1258.8109832693867,115.41514928029225,1132.9298849424479
716.0,0.0008878995527239187,1259.6206987221592,115.48938872616489,1133.6586288499432
717.0,0.0008884663645422759,1260.4248075839025,115.56311412699883,1134.382326825512
718.0,0.0008890292209208221,1261.2233050520558,115.63632504246725,1135.10097454685
719.0,0.0008895881185123078,1262.0161863780365,115.70902103719231,1135.8145677402326
720.0,0.0008901430540075462,1262.803446867259,115.781201680747,1136.523102180533
721.0,0.000890694024135426,1263.5850818791541,115.85286654765679,1137.2265736912386
722.0,0.000891241025662926,1264.3610868271887,115.92401521740153,1137.9249781444698
723.0,0.0008917840553951255,1265.1314571788819,115.99464727441683,1138.6183114609937
724.0,0.0008923231101752198,1265.8961884558253,116.06476230809606,1139.3065696102426
725.0,0.0008928581868845289,1266.6552762336962,116.13435991279147,1139.9897486103264
726.0,0.0008933892824425116,1267.4087161422783,116.20343968781607,1140.6678445280504
727.0,0.0008939163938067762,1268.1565038654755,116.27200123744493,1141.340853478928
728.0,0.0008944395179730894,1268.898635141326,116.34004417091646,1142.0087716271933
729.0,0.0008949586519753904,1269.6351057620202,116.40756810243414,1142.6715951858182
730.0,0.0008954737928857989,1270.365911573915,116.47457265116762,1143.3293204165232
731.0,0.0008959849378146234,1271.091048477542,116.54105744125376,1143.9819436297876
732.0,0.0008964920839103732,1271.810512427628,116.6070221017982,1144.6294611848652
733.0,0.000896995228359764,1272.5242994331013,116.67246626687616,1145.271869489791
734.0,0.0008974943683877307,1273.2324055571091,116.73738957553398,1145.9091650013982
735.0,0.0008979895012574325,1273.9348269170262,116.80179167178987,1146.5413442253234
736.0,0.0008984806242702604,1274.631559684465,116.86567220463488,1147.1684037160182
737.0,0.000898967734765847,1275.3226000852887,116.92903082803413,1147.7903400767598
738.0,0.0008994508301220697,1276.0079443996178,116.99186720092726,1148.407149959656
739.0,0.0008999299077550615,1276.6875889618434,117.05418098722986,1149.018830065659
740.0,0.0009004049651192137,1277.3615301606317,117.11597185583372,1149.6253771445686
741.0,0.0009008759997071828,1278.0297644389348,117.17723948060788,1150.2267879950411
742.0,0.0009013430090498973,1278.6922882939982,117.23798354039938,1150.8230594645984
743.0,0.0009018059907165609,1279.3490982773676,117.29820371903374,1151.4141884496307
744.0,0.0009022649423146576,1280.0001909948949,117.3578997053156,1152.0001718954054
745.0,0.000902719861489955,1280.6455631067429,117.41707119302919,1152.5810067960683
746.0,0.0009031707459265102,1281.2852113273939,117.47571788093906,1153.1566901946544
747.0,0.0009036175933466711,1281.9191324256515,117.5338394727902,1153.7272191830862
748.0,0.0009040604015110815,1282.5473232246482,117.59143567730887,1154.2925909021833
749.0,0.0009044991682186813,1283.169780601845,117.64850620820242,1154.8528025416606
750.0,0.0009049338913067116,1283.7865014890397,117.70505078416008,1155.4078513401355
751.0,0.000905364568650714,1284.3974828723635,117.76106912885284,1155.9577345851271
752.0,0.0009057911981645328,1285.002721792288,117.81656097093376,1156.502449613059
753.0,0.0009062137778003165,1285.6022153436234,117.8715260440381,1157.041993809261
754.0,0.0009066323055485186,1286.1959606755222,117.9259640867835,1157.57636460797
755.0,0.000907046779437898,1286.783954991479,117.97987484276996,1158.105559492331
756.0,0.0009074571975355185,1287.3661955493294,118.03325806057983,1158.6295759943962
757.0,0.0009078635579467482,1287.9426796612493,118.08611349377772,1159.1484116951242
758.0,0.0009082658588152584,1288.513404693754,118.13844090091033,1159.6620642243786
759.0,0.0009086640983230237,1289.0783680676977,118.19024004550648,1160.1705312609279
760.0,0.0009090582746903177,1289.6375672582678,118.24151069607663,1160.673810532441
761.0,0.0009094483861757155,1290.1909997949876,118.29225262611301,1161.1718998154886
762.0,0.0009098344310760862,1290.7386632617065,118.34246561408882,1161.6647969355358
763.0,0.0009102164077265938,1291.2805552966017,118.39214944345834,1162.1524997669414
764.0,0.0009105943145006931,1291.8166735921704,118.44130390265623,1162.6350062329534
765.0,0.0009109681498101234,1292.3470158952239,118.48992878509694,1163.1123143057014
766.0,0.0009113379121049085,1292.8715800068844,118.53802388917455,1163.5844220061958
767.0,0.0009117035998733505,1293.390363782578,118.585589018262,1164.05132740432
768.0,0.0009120652116420257,1293.9033651320299,118.63262398071059,1164.5130286188266
769.0,0.0009124227459757781,1294.4105820192517,118.67912858984909,1164.9695238173263
770.0,0.0009127762014777163,1294.9120124625408,118.72510266398339,1165.4208112162867
771.0,0.0009131255767892042,1295.4076545344649,118.77054602639524,1165.8668890810184
772.0,0.0009134708705898592,1295.8975063618605,118.81545850534204,1166.3077557256743
773.0,0.0009138120815975399,1296.3815661258145,118.85983993405522,1166.743409513233
774.0,0.0009141492085683455,1296.8598320616645,118.9036901507402,1167.173848855498
775.0,0.0009144822502966026,1297.332302458979,118.94700899857465,1167.599072213081
776.0,0.0009148112056148619,1297.7989756615536,118.98979632570803,1168.019078095398
777.0,0.0009151360733938874,1298.2598500673948,119.03205198526027,1168.4338650606553
778.0,0.0009154568525426475,1298.7149241287086,119.0737758353205,1168.8434317158376
779.0,0.0009157735420083076,1299.1641963518884,119.1149677389462,1169.2477767166995
780.0,0.0009160861407762201,1299.6076652975025,119.1556275641618,1169.6468987677522
781.0,0.0009163946478699151,1300.0453295802795,119.19575518395754,1170.0407966222513
782.0,0.0009166990623510902,1300.4771878690945,119.23535047628815,1170.4294690821848
783.0,0.0009169993833195995,1300.9032388869534,119.2744133240713,1170.812914998258
784.0,0.0009172956099134421,1301.323481410977,119.31294361518627,1171.1911332698792
785.0,0.0009175877413087529,1301.737914272387,119.35094124247267,1171.5641228451482
786.0,0.0009178757767197886,1302.146536356487,119.38840610372861,1171.9318827208383
787.0,0.000918159715398918,1302.5493466026485,119.42533810170944,1172.2944119423835
788.0,0.0009184395566366084,1302.9463440042907,119.46173714412599,1172.6517096038615
789.0,0.0009187152997614128,1303.3375276088645,119.49760314364295,1173.0037748479779
790.0,0.000918986944139957,1303.7228965178317,119.5329360178771,1173.3506068660483
791.0,0.0009192544891769252,1304.1024498866466,119.56773568939556,1173.6922048979818
792.0,0.0009195179343150471,1304.476186924736,119.60200208571398,1174.0285682322624
793.0,0.0009197772790350837,1304.8441068954808,119.63573513929475,1174.3596962059326
794.0,0.0009200325228558127,1305.2062091161936,119.66893478754515,1174.685588204574
795.0,0.0009202836653340123,1305.5624929580968,119.70160097281519,1175.006243662287
796.0,0.0009205307060644466,1305.9129578463017,119.73373364239565,1175.3216620616713
797.0,0.0009207736446798498,1306.2576032597856,119.76533274851617,1175.6318429338069
798.0,0.0009210124808509099,1306.5964287313695,119.79639824834305,1175.9367858582325
799.0,0.0009212472142862514,1306.929433847693,119.82693010397698,1176.2364904629235
800.0,0.0009214778447324202,1307.2566182491923,119.85692828245105,1176.530956424273
801.0,0.0009217043719738645,1307.5779816300753,119.88639275572844,1176.8201834670676
802.0,0.0009219267958329188,1307.8935237382957,119.91532350070007,1177.1041713644659
803.0,0.0009221451161697836,1308.2032443755268,119.94372049918223,1177.382919937974
804.0,0.0009223593328825081,1308.507143397136,119.97158373791412,1177.6564290574222
805.0,0.0009225694459069725,1308.8052207121593,119.99891320855565,1177.9246986409432
806.0,0.0009227754552168657,1309.097476283271,120.02570890768455,1178.1877286549436
807.0,0.000922977360823671,1309.3839101267613,120.05197083679442,1178.4455191140848
808.0,0.0009231751627766394,1309.6645223125004,120.0776990022914,1178.69807008125
809.0,0.0009233688611627761,1309.9393129639184,120.10289341549223,1178.9453816675264
810.0,0.000923558456106814,1310.208282257968,120.12755409262101,1179.1874540321712
811.0,0.0009237439477711961,1310.4714304250997,120.15168105480673,1179.4242873825895
812.0,0.0009239253363560525,1310.7287577492277,120.17527432808038,1179.6558819743047
813.0,0.0009241026220991789,1310.980264567702,120.19833394337213,1179.8822381109317
814.0,0.0009242758052760165,1311.2259512712776,120.2208599365087,1180.1033561441498
815.0,0.0009244448861996261,1311.4658183040792,120.24285234821004,1180.3192364736713
816.0,0.0009246098652206673,1311.6998661635707,120.26431122408653,1180.5298795472136
817.0,0.0009247707427273734,1311.92809540052,120.2852366146358,1180.735285860468
818.0,0.0009249275191455301,1312.150506618969,120.30562857523996,1180.935455957072
819.0,0.0009250801949384493,1312.3671004761964,120.32548716616212,1181.1303904285767
820.0,0.0009252287706069469,1312.5778776826855,120.3448124525436,1181.3200899144167
821.0,0.0009253732466893149,1312.7828390020854,120.36360450440019,1181.5045551018768
822.0,0.0009255136237612995,1312.9819852511803,120.3818633966194,1181.6837867260622
823.0,0.0009256499024360747,1313.1753172998501,120.39958920895697,1181.857785569865
824.0,0.0009257820833642132,1313.3628360710318,120.41678202603312,1182.0265524639285
825.0,0.0009259101672336648,1313.5445425406867,120.43344193732969,1182.190088286618
826.0,0.0009260341547697269,1313.7204377377598,120.44956903718636,1182.3483939639837
827.0,0.0009261540467350199,1313.890522744144,120.46516342479742,1182.5014704697294
828.0,0.0009262698439294554,1314.0547986946356,120.48022520420764,1182.6493188251718
829.0,0.0009263815471902142,1314.2132667769035,120.49475448430941,1182.791940099213
830.0,0.0009264891573917133,1314.3659282314409,120.50875137883841,1182.9293354082965
831.0,0.0009265926754455804,1314.5127843515304,120.52221600637039,1183.0615059163774
832.0,0.0009266921023006231,1314.6538364832006,120.53514849031704,1183.1884528348803
833.0,0.0009267874389428021,1314.7890860251864,120.54754895892262,1183.3101774226677
834.0,0.0009268786863951989,1314.9185344288849,120.55941754525966,1183.4266809859962
835.0,0.0009269658457179883,1315.0421831983153,120.57075438722546,1183.5379648784838
836.0,0.0009270489180084069,1315.1600338900748,120.58155962753794,1183.6440305010672
837.0,0.0009271279044007213,1315.2720881132934,120.59183341373155,1183.744879301964
838.0,0.0009272028060661989,1315.3783475295922,120.6015758981534,1183.840512776633
839.0,0.0009272736242130761,1315.4788138530384,120.6107872379592,1183.9309324677345
840.0,0.0009273403600865268,1315.5734888501008,120.61946759510916,1184.0161399650906
841.0,0.0009274030149686292,1315.6623743396024,120.6276171363636,1184.096136905642
842.0,0.0009274615901783342,1315.745472192676,120.63523603327889,1184.1709249734083
843.0,0.0009275160870714325,1315.8227843327172,120.64232446220318,1184.2405058994452
844.0,0.000927566507040521,1315.8943127353366,120.64888260427202,1184.3048814618028
845.0,0.000927612851514969,1315.9600594283122,120.65491064540393,1184.3640534854808
846.0,0.0009276551219608852,1316.0200264915422,120.66040877629618,1184.418023842388
847.0,0.0009276933198810836,1316.0742160569976,120.66537719242027,1184.4667944512978
848.0,0.000927727446815048,1316.12263030867,120.66981609401736,1184.510367277803
849.0,0.0009277575043388968,1316.1652714825238,120.67372568609372,1184.5487443342713
850.0,0.0009277834940653478,1316.2021418664444,120.67710617841605,1184.5819276797997
851.0,0.0009278054176436844,1316.2332438001913,120.6799577855072,1184.609919420172
852.0,0.0009278232767597154,1316.2585796753415,120.6822807266409,1184.6327217078071
853.0,0.0009278370731357437,1316.2781519352432,120.68407522583763,1184.6503367417188
854.0,0.0009278468085305252,1316.2919630749598,120.68534151185936,1184.6627667674636
855.0,0.0009278524847392344,1316.3000156412195,120.68607981820506,1184.6700140770974
856.0,0.0009278541035934255,1316.3023122323611,120.68629038310554,1184.672081009125
857.0,0.0009278516669609953,1316.29885549828,120.6859734495188,1184.668969948452
858.0,0.0009278451767461433,1316.2896481403739,120.68512926512469,1184.6606833263365
859.0,0.000927834634889336,1316.2746929114894,120.6837580823203,1184.6472236203404
860.0,0.0009278200433672663,1316.2539926158665,120.68186015821475,1184.6285933542797
861.0,0.0009278014041928142,1316.227550109082,120.67943575462402,1184.6047950981736
862.0,0.0009277787194150079,1316.195368297994,120.67648513806589,1184.5758314681946
863.0,0.000927751991118982,1316.157450140684,120.67300857975447,1184.5417051266154
864.0,0.0009277212214259399,1316.1137986464014,120.66900635559541,1184.5024187817612
865.0,0.000927686412493111,1316.064416875505,120.66447874618027,1184.4579751879544
866.0,0.0009276475665137107,1316.0093079394044,120.65942603678127,1184.4083771454639
867.0,0.0009276046857168994,1315.9484750005033,120.65384851734608,1184.3536275004528
868.0,0.0009275577723677399,1315.881921272138,120.64774648249212,1184.293729144924
869.0,0.0009275068287671549,1315.8096500185175,120.64112023150119,1184.2286850166656
870.0,0.0009274518572518865,1315.7316645546666,120.63397006831413,1184.1584980992
871.0,0.0009273928601944501,1315.6479682463596,120.62629630152479,1184.0831714217236
872.0,0.0009273298400030957,1315.5585645100653,120.61809924437502,1184.0027080590587
873.0,0.0009272627991217615,1315.4634568128827,120.6093792147487,1183.9171111315943
874.0,0.0009271917400300309,1315.362648672478,120.60013653516606,1183.82638380523
875.0,0.0009271166652430881,1315.256143657023,120.59037153277792,1183.7305292913206
876.0,0.0009270375773116729,1315.1439453851306,120.58008453935987,1183.6295508466173
877.0,0.000926954478822038,1315.026057525794,120.56927589130666,1183.5234517732142
878.0,0.0009268673723959013,1314.9024837983188,120.55794592962597,1183.4122354184867
879.0,0.0009267762606904028,1314.7732279722632,120.54609499993293,1183.2959051750368
880.0,0.0009266811463980569,1314.6382938673685,120.53372345244375,1183.1744644806315
881.0,0.000926582032246707,1314.4976853534959,120.52083164196993,1183.0479168181462
882.0,0.0009264789209994794,1314.3514063505609,120.5074199279122,1182.9162657155046
883.0,0.0009263718154547343,1314.199460828463,120.49348867425424,1182.7795147456168
884.0,0.0009262607184460203,1314.0418528070231,120.47903824955661,1182.6376675263207
885.0,0.0009261456328420271,1313.878586355914,120.46406902695077,1182.4907277203224
886.0,0.0009260265615465384,1313.7096655945945,120.4485813841328,1182.338699035135
887.0,0.00092590350749838,1313.535094692237,120.43257570335675,1182.1815852230131
888.0,0.0009257764736713751,1313.3548778676623,120.4160523714288,1182.0193900808958
889.0,0.0009256454630742925,1313.1690193892669,120.39901177970049,1181.85211745034
890.0,0.0009255104787507997,1312.9775235749566,120.38145432406266,1181.679771217461
891.0,0.0009253715237794109,1312.7803947920727,120.36338040493868,1181.5023553128653
892.0,0.0009252286012734404,1312.5776374573254,120.34479042727835,1181.3198737115927
893.0,0.0009250817143809486,1312.3692560367176,120.32568480055096,1181.1323304330456
894.0,0.0009249308662846937,1312.1552550454765,120.3060639387389,1180.9397295409287
895.0,0.0009247760602020808,1311.9356390479809,120.28592826033113,1180.7420751431828
896.0,0.0009246172993851087,1311.7104126576864,120.26527818831619,1180.5393713919175
897.0,0.0009244545871203197,1311.4795805370536,120.24411415017575,1180.3316224833482
898.0,0.0009242879267287481,1311.2431473974752,120.22243657787783,1180.1188326577276
899.0,0.0009241173215658674,1311.0011179992014,120.20024590786997,1179.901006199281
900.0,0.000923942775021537,1310.7534971512637,120.17754258107232,1179.6781474361371
901.0,0.0009237642905199519,1310.500289711404,120.15432704287105,1179.4502607402635
902.0,0.0009235818715195839,1310.2415005859914,120.13059974311071,1179.217350527392
903.0,0.0009233955215131345,1309.9771347299543,120.10636113608818,1178.9794212569589
904.0,0.0009232052440274759,1309.7071971466985,120.08161168054488,1178.7364774320286
905.0,0.0009230110426236006,1309.4316928880332,120.05635183966027,1178.48852359923
906.0,0.0009228129208965639,1309.1506270540926,120.0305820810444,1178.2355643486833
907.0,0.0009226108824754312,1308.864004793258,120.00430287673097,1177.977604313932
908.0,0.000922404931023221,1308.5718313020786,119.97751470317007,1177.7146481718705
909.0,0.000922195070236849,1308.2741118251927,119.95021804122071,1177.4467006426732
910.0,0.0009219813038470759,1307.9708516552519,119.92241337614416,1177.1737664897266
911.0,0.0009217636356184447,1307.662056132834,119.89410119759583,1176.8958505195505
912.0,0.0009215420693492325,1307.347730646373,119.86528199961882,1176.6129575817356
913.0,0.0009213166088713855,1307.0278806320684,119.83595628063564,1176.3250925688615
914.0,0.0009210872580504679,1306.7025115738113,119.80612454344154,1176.03226041643
915.0,0.0009208540207856,1306.3716290030975,119.77578729519638,1175.7344661027876
916.0,0.0009206169010094038,1306.0352384989499,119.74494504741759,1175.4317146490548
917.0,0.0009203759026879424,1305.6933456878332,119.71359831597232,1175.1240111190498
918.0,0.0009201310298206625,1305.3459562435712,119.68174762106993,1174.811360619214
919.0,0.0009198822864403364,1304.9930758872656,119.64939348725444,1174.493768298539
920.0,0.0009196296766130023,1304.6347103872104,119.6165364433968,1174.1712393484893
921.0,0.0009193732044379039,1304.2708655588071,119.58317702268697,1173.8437790029263
922.0,0.0009191128740474309,1303.9015472644796,119.54931576262626,1173.5113925380315
923.0,0.0009188486896070607,1303.5267614135917,119.5149532050197,1173.1740852722323
924.0,0.000918580655315296,1303.1465139623585,119.48008989596791,1172.8318625661225
925.0,0.0009183087754036052,1302.7608109137627,119.4447263858594,1172.4847298223865
926.0,0.0009180330541363615,1302.3696583174667,119.4088632293626,1172.1326924857199
927.0,0.0009177534958107806,1301.973062269725,119.37250098541777,1171.7757560427524
928.0,0.0009174701047568604,1301.5710289132994,119.33564021722918,1171.4139260219692
929.0,0.0009171828853373177,1301.1635644373673,119.29828149225685,1171.0472079936305
930.0,0.0009168918419475252,1300.7506750774344,119.26042538220837,1170.6756075696908
931.0,0.000916596979015453,1300.3323671152505,119.22207246303124,1170.2991304037253
932.0,0.0009162983010016014,1299.908646878714,119.18322331490424,1169.9177821908424
933.0,0.00091599581239894,1299.4795207417867,119.1438785222294,1169.5315686676079
934.0,0.0009156895177328431,1299.044995124401,119.10403867362368,1169.140495611961
935.0,0.000915379421561026,1298.60507649237,119.0637043619106,1168.7445688431328
936.0,0.0009150655284734818,1298.1597713572976,119.02287618411206,1168.3437942215678
937.0,0.0009147478430924155,1297.7090862764853,118.98155474143982,1167.9381776488367
938.0,0.0009144263700721813,1297.2530278528434,118.93974063928728,1167.5277250675588
939.0,0.0009141011140992156,1296.791602734795,118.89743448722074,1167.1124424613154
940.0,0.0009137720798919729,1296.3248176161867,118.85463689897117,1166.692335854568
941.0,0.0009134392722008598,1295.8526792361931,118.81134849242551,1166.2674113125738
942.0,0.0009131026958081681,1295.3751943792236,118.76756988961804,1165.8376749413012
943.0,0.0009127623555280097,1294.8923698748288,118.72330171672192,1165.4031328873457
944.0,0.00091241825620625,1294.4042125976064,118.67854460404043,1164.9637913378456
945.0,0.0009120704027204415,1293.910729467107,118.63329918599842,1164.5196565203962
946.0,0.0009117187999797546,1293.4119274477368,118.58756610113336,1164.070734702963
947.0,0.0009113634529249132,1292.9078135486645,118.54134599208682,1163.617032193798
948.0,0.0009110043665281229,1292.398394823721,118.49463950559523,1163.1585553413488
949.0,0.0009106415457930076,1291.8836783713082,118.4474472924816,1162.6953105341772
950.0,0.0009102749957545365,1291.3636713342971,118.39977000764604,1162.2273042008671
951.0,0.0009099047214789596,1290.838380899934,118.35160831005737,1161.7545428099404
952.0,0.0009095307280637362,1290.3078142997415,118.30296286274383,1161.2770328697673
953.0,0.0009091530206374673,1289.7719788094207,118.25383433278421,1160.7947809284785
954.0,0.0009087716043598243,1289.2308817487512,118.2042233912987,1160.307793573876
955.0,0.0009083864844214798,1288.6845304814924,118.15413071343978,1159.816077433343
956.0,0.0009079976660440372,1288.1329324152834,118.10355697838318,1159.319639173755
957.0,0.0009076051544799619,1287.5760950015465,118.05250286931877,1158.8184855013917
958.0,0.00090720895501251,1287.0140257353844,118.00096907344142,1158.3126231618457
959.0,0.0009068090729556553,1286.4467321554782,117.94895628194149,1157.8020589399302
960.0,0.0009064055136540205,1285.874221843989,117.89646518999581,1157.28679965959
961.0,0.0009059982824828035,1285.2965024264536,117.84349649675815,1156.7668521838082
962.0,0.0009055873848477082,1284.7135815716854,117.7900509053502,1156.2422234145167
963.0,0.0009051728261848688,1284.1254669916689,117.73612912285174,1155.7129202925018
964.0,0.000904754611960781,1283.5321664414603,117.68173186029168,1155.1789497973143
965.0,0.0009043327476722269,1282.933687719082,117.62685983263827,1154.6403189471737
966.0,0.0009039072388462034,1282.3300386654207,117.57151375878985,1154.0970347988784
967.0,0.0009034780910398474,1281.721227164121,117.51569436156504,1153.5491044477087
968.0,0.0009030453098403627,1281.107261141482,117.45940236769329,1152.9965350273337
969.0,0.0009026089008649474,1280.4881485663548,117.4026385078054,1152.4393337097192
970.0,0.0009021688697607175,1279.863897450033,117.34540351642367,1151.8775077050295
971.0,0.0009017252222046356,1279.2345158461524,117.28769813195245,1151.311064261537
972.0,0.0009012779639034326,1278.6000118505797,117.22952309666815,1150.7400106655216
973.0,0.0009008271005935361,1277.9603936013107,117.17087915670977,1150.1643542411794
974.0,0.0009003726380409914,1277.3156692783587,117.11176706206878,1149.5841023505227
975.0,0.0008999145820413903,1276.6658471036526,117.05218756657968,1148.9992623932872
976.0,0.0008994529384197909,1276.0109353409248,116.99214142790973,1148.4098418068322
977.0,0.0008989877130306441,1275.3509422956051,116.9316294075493,1147.8158480660445
978.0,0.0008985189117577182,1274.6858763147143,116.87065227080205,1147.2172886832427
979.0,0.0008980465405140197,1274.0157457867526,116.80921078677473,1146.6141712080773
980.0,0.0008975706052417172,1273.340559141591,116.74730572836714,1146.0065032274317
981.0,0.0008970911119120641,1272.6603248503613,116.68493787226221,1145.394292365325
982.0,0.0008966080665253228,1271.9750514253496,116.62210799891606,1144.7775462828145
983.0,0.0008961214751106834,1271.2847474198795,116.55881689254744,1144.1562726778916
984.0,0.0008956313437261903,1270.58942142821,116.49506534112818,1143.5304792853888
985.0,0.0008951376784586595,1269.8890820854158,116.43085413637246,1142.900173876874
986.0,0.0008946404854236038,1269.1837380672828,116.36618407372706,1142.2653642605544
987.0,0.0008941397707651514,1268.4733980901926,116.30105595236074,1141.6260582811733
988.0,0.0008936355406559665,1267.7580709110093,116.23547057515401,1140.9822638199082
989.0,0.0008931278012971718,1267.037765326969,116.16942874868892,1140.333988794272
990.0,0.0008926165589182683,1266.312490175568,116.10293128323875,1139.681241158011
991.0,0.0008921018197770551,1265.5822543344468,116.0359789927575,1139.0240289010019
992.0,0.00089158359015955,1264.8470667212785,115.96857269486958,1138.3623600491503
993.0,0.0008910618763799076,1264.1069362936528,115.90071321085918,1137.6962426642874
994.0,0.0008905366847803385,1263.3618720489612,115.8324013656597,1137.025684844065
995.0,0.0008900080217310313,1262.611883024286,115.76363798784372,1136.3506947218573
996.0,0.000889475893630067,1261.8569782962793,115.69442390961174,1135.6712804666513
997.0,0.0008889403069033423,1261.097166981054,115.62475996678225,1134.9874502829484
998.0,0.0008884012680044837,1260.3324582340613,115.5546469987806,1134.299212410655
999.0,0.0008878587834147684,1259.5628612499804,115.48408584862868,1133.6065751249823
1000.0,0.0008873128596430401,1258.7883852625966,115.41307736293392,1132.909546736337
1001.0,0.0008867635032256281,1258.0090395446884,115.34162239187883,1132.2081355902194
1002.0,0.0008862107207262621,1257.2248334079056,115.26972178920992,1131.502350067115
1003.0,0.0008856545187359919,1256.435776202656,115.19737641222723,1130.7921985823903
1004.0,0.0008850949038731042,1255.6418773179867,115.12458712177347,1130.0776895861877
1005.0,0.0008845318827830357,1254.8431461814614,115.05135478222283,1129.358831563315
1006.0,0.000883965462138294,1254.0395922590483,114.97768026147054,1128.6356330331432
1007.0,0.0008833956486383687,1253.2312250549933,114.90356443092148,1127.9081025494938
1008.0,0.0008828224490096515,1252.4180541117069,114.82900816547958,1127.176248700536
1009.0,0.000882245870005348,1251.6000890096395,114.75401234353657,1126.4400801086754
1010.0,0.0008816659184053956,1250.7773393671648,114.67857784696116,1125.6996054304482
1011.0,0.0008810826010163776,1249.9498148404573,114.60270556108787,1124.9548333564114
1012.0,0.0008804959246714385,1249.1175251233728,114.5263963747061,1124.2057726110354
1013.0,0.0008799058962301969,1248.280479947325,114.44965118004866,1123.4524319525924
1014.0,0.0008793125225786603,1247.4386890811634,114.37247087278087,1122.694820173047
1015.0,0.0008787158106291396,1246.592162331054,114.29485635198927,1121.9329460979484
1016.0,0.0008781157673201635,1245.7409095403557,114.21680852017059,1121.16681858632
1017.0,0.0008775123996163911,1244.8849405894978,114.13832828322035,1120.3964465305478
1018.0,0.0008769057145085246,1244.024265395856,114.05941655042149,1119.6218388562702
1019.0,0.0008762957190132244,1243.1588939136313,113.98007423443337,1118.843004522268
1020.0,0.000875682420173018,1242.2888361337211,113.90030225127987,1118.0599525203488
1021.0,0.0008750658250562182,1241.414102083603,113.82010152033874,1117.2726918752426
1022.0,0.0008744459407568289,1240.5347018272023,113.73947296432947,1116.481231644482
1023.0,0.0008738227743944631,1239.6506454647733,113.65841750930242,1115.6855809182957
1024.0,0.0008731963331142512,1238.7619431327716,113.57693608462712,1114.8857488194944
1025.0,0.0008725666240867536,1237.868605003729,113.49502962298072,1114.081744503356
1026.0,0.0008719336545078717,1236.9706412861271,113.41269906033648,1113.2735771575144
1027.0,0.0008712974315987599,1236.0680622242728,113.32994533595236,1112.4612560018454
1028.0,0.0008706579626057356,1235.1608780981705,113.24676939235924,1111.6447902883533
1029.0,0.0008700152548001898,1234.2490992233957,113.16317217534937,1110.8241893010559
1030.0,0.0008693693154784988,1233.3327359509688,113.07915463396486,1109.9994623558716
1031.0,0.000868720151961933,1232.4117986672263,112.99471772048571,1109.1706188005035
1032.0,0.0008680677715965677,1231.486297793695,112.90986239041843,1108.3376680143253
1033.0,0.000867412181753192,1230.5562437869612,112.82458960248394,1107.5006194082648
1034.0,0.0008667533898272193,1229.6216471385446,112.73890031860616,1106.6594824246902
1035.0,0.0008660914032385963,1228.6825183747696,112.6527955039,1105.8142665372927
1036.0,0.0008654262294317117,1227.7388680566348,112.56627612665952,1104.9649812509713
1037.0,0.0008647578758753051,1226.7907067796846,112.47934315834621,1104.111636101716
1038.0,0.0008640863500623764,1225.83804517388,112.391997573577,1103.254240656492
1039.0,0.0008634116595100928,1224.880893903467,112.30424035011237,1102.3928045131204
1040.0,0.0008627338117596985,1223.919263666849,112.2160724688444,1101.5273373001642
1041.0,0.0008620528143764221,1222.9531651964546,112.1274949137849,1100.657848676809
1042.0,0.0008613686749493829,1221.9826092586047,112.03850867205313,1099.784348332744
1043.0,0.0008606814010915009,1221.0076066533854,111.9491147338641,1098.9068459880468
1044.0,0.000859991000439403,1220.0281682145148,111.85931409251641,1098.0253513930634
1045.0,0.0008592974806533291,1219.0443048092095,111.76910774438,1097.1398743282884
1046.0,0.0008586008494170406,1218.0560273380547,111.67849668888425,1096.2504246042492
1047.0,0.0008579011144377258,1217.0633467348707,111.58748192850572,1095.3570120613836
1048.0,0.0008571982834459077,1216.066273966581,111.49606446875606,1094.4596465699228
1049.0,0.000856492364195348,1215.0648200330775,111.40424531816964,1093.5583380297696
1050.0,0.0008557833644629558,1214.0589959670897,111.31202548829161,1092.6530963703806
1051.0,0.000855071292048692,1213.0488128340492,111.21940599366543,1091.7439315506442
1052.0,0.0008543561547754738,1212.0342817319558,111.12638785182057,1090.83085355876
1053.0,0.0008536379604890828,1211.0154137912446,111.0329720832604,1089.91387241212
1054.0,0.0008529167170580682,1209.992220174651,110.93915971144978,1088.9929981571859
1055.0,0.0008521924323736516,1208.9647120770744,110.84495176280245,1088.068240869367
1056.0,0.0008514651143496334,1207.9329007254453,110.75034926666909,1087.1396106529005
1057.0,0.0008507347709222959,1206.8967973785882,110.65535325532453,1086.2071176407292
1058.0,0.0008500014100503086,1205.856413327088,110.55996476395558,1085.2707719943792
1059.0,0.0008492650397146307,1204.81175989315,110.46418483064824,1084.330583903835
1060.0,0.0008485256679184179,1203.7628484304698,110.3680144963756,1083.3865635874226
1061.0,0.0008477833026869236,1202.7096903240902,110.27145480498504,1082.438721291681
1062.0,0.0008470379520674031,1201.6522969902687,110.17450680318574,1081.4870672912418
1063.0,0.0008462896241290183,1200.59067987634,110.07717154053621,1080.5316118887056
1064.0,0.0008455383269627392,1199.5248504605763,109.97945006943164,1079.5723654145186
1065.0,0.000844784068681247,1198.4548202520516,109.88134344509113,1078.6093382268461
1066.0,0.0008440268574188381,1197.3806007905034,109.78285272554534,1077.642540711453
1067.0,0.0008432667013313259,1196.3022036461953,109.68397897162359,1076.6719832815756
1068.0,0.0008425036085959423,1195.2196404197753,109.58472324694114,1075.6976763777977
1069.0,0.0008417375874112418,1194.1329227421413,109.48508661788671,1074.7196304679271
1070.0,0.0008409686459970019,1193.042062274299,109.38507015360946,1073.737856046869
1071.0,0.0008401967925941256,1191.9470707072244,109.28467492600637,1072.7523636365017
1072.0,0.0008394220354645429,1190.8479597617227,109.18390200970943,1071.7631637855502
1073.0,0.0008386443828911122,1189.7447411882897,109.08275248207275,1070.7702670694605
1074.0,0.0008378638431775214,1188.637426766971,108.98122742315978,1069.7736840902737
1075.0,0.0008370804246481895,1187.5260283072223,108.87932791573044,1068.7734254764998
1076.0,0.000836294135648166,1186.4105576477668,108.77705504522811,1067.76950188299
1077.0,0.0008355049845430343,1185.2910266564584,108.67440989976696,1066.7619239908124
1078.0,0.0008347129797188095,1184.167447230136,108.57139357011876,1065.7507025071222
1079.0,0.000833918129581839,1183.0398312944835,108.46800714969989,1064.7358481650351
1080.0,0.0008331204425587056,1181.9081908038916,108.36425173455879,1063.7173717235023
1081.0,0.0008323199270961229,1180.7725377413094,108.26012842336229,1062.6952839671783
1082.0,0.0008315165916608388,1179.632884118108,108.15563831738305,1061.669595706297
1083.0,0.0008307104447395332,1178.4892419739344,108.05078252048638,1060.640317776541
1084.0,0.0008299014948387181,1177.341623376572,107.9455621391171,1059.6074610389146
1085.0,0.0008290897504846365,1176.1900404217938,107.83997828228645,1058.5710363796143
1086.0,0.0008282752202231618,1175.0345052332225,107.73403206155902,1057.5310547099002
1087.0,0.0008274579126196965,1173.8750299621859,107.62772459103954,1056.4875269659672
1088.0,0.0008266378362590704,1172.711626787572,107.52105698735967,1055.4404641088147
1089.0,0.0008258149997454406,1171.5443079156873,107.41403036966499,1054.3898771241186
1090.0,0.0008249894117021884,1170.3730855801116,107.30664585960152,1053.3357770221003
1091.0,0.0008241610807718185,1169.1979720415534,107.19890458130273,1052.2781748373977
1092.0,0.0008233300156158559,1168.0189795877045,107.09080766137605,1051.2170816289338
1093.0,0.0008224962249147448,1166.8361205330968,106.98235622888971,1050.152508479787
1094.0,0.0008216597173677461,1165.6494072189564,106.87355141535949,1049.0844664970605
1095.0,0.0008208205016928349,1164.458852013058,106.76439435473526,1048.0129668117522
1096.0,0.0008199785866265976,1163.26446730958,106.65488618338772,1046.9380205786217
1097.0,0.0008191339809241294,1162.0662655289573,106.54502804009499,1045.8596389760614
1098.0,0.0008182866933589305,1160.8642591177363,106.43482106602917,1044.7778332059625
1099.0,0.0008174367327228056,1159.6584605484302,106.32426640474318,1043.6926144935871
1100.0,0.0008165841078257561,1158.4488823193676,106.21336520215685,1042.6039940874307
1101.0,0.000815728827495882,1157.235536954552,106.10211860654404,1041.5119832590967
1102.0,0.0008148709005792739,1156.0184370035101,105.99052776851869,1040.4165933031588
1103.0,0.0008140103359399112,1154.797595041146,105.87859384102154,1039.3178355370312
1104.0,0.0008131471424595586,1153.5730236675954,105.76631797930666,1038.2157213008359
1105.0,0.0008122813290376608,1152.3447355080752,105.65370134092778,1037.1102619572678
1106.0,0.0008114129045912391,1151.1127432127382,105.5407450857248,1036.0014688914644
1107.0,0.0008105418780547871,1149.8770594565235,105.42745037581024,1034.8893535108712
1108.0,0.0008096682583801654,1148.6376969390085,105.31381837555561,1033.7739272451076
1109.0,0.0008087920545364974,1147.39466838426,105.19985025157774,1032.655201545834
1110.0,0.0008079132755100651,1146.1479865406877,105.08554717272531,1031.5331878866189
1111.0,0.0008070319303042031,1144.897664180892,104.97091031006502,1030.4078977628026
1112.0,0.0008061480279391938,1143.643714101517,104.85594083686802,1029.2793426913652
1113.0,0.0008052615774521632,1142.3861491231019,104.74063992859622,1028.1475342107915
1114.0,0.0008043725878969734,1141.1249820899284,104.62500876288854,1027.0124838809354
1115.0,0.0008034810683441188,1139.8602258698738,104.50904851954711,1025.8742032828864
1116.0,0.0008025870278806193,1138.5918933542596,104.39276038052367,1024.7327040188334
1117.0,0.000801690475609916,1137.3199974577028,104.27614552990579,1023.5879977119323
1118.0,0.000800791420651763,1136.044551117963,104.15920515390292,1022.4400960061665
1119.0,0.0007998898721421233,1134.7655672957947,104.04194044083278,1021.2890105662151
1120.0,0.0007989858392330618,1133.4830589747955,103.9243525811075,1020.134753077316
1121.0,0.0007980793310926382,1132.1970391612538,103.8064427672196,1018.9773352451284
1122.0,0.0007971703569048012,1130.9075208839993,103.68821219372838,1017.8167687955993
1123.0,0.0007962589258692827,1129.6145171942521,103.56966205724596,1016.6530654748269
1124.0,0.0007953450472014886,1128.318041165469,103.45079355642329,1015.4862370489218
1125.0,0.0007944287301323946,1127.0181058931935,103.33160789193639,1014.316295303874
1126.0,0.0007935099839084368,1125.714724494904,103.21210626647229,1013.1432520454134
1127.0,0.0007925888177914069,1124.4079101098614,103.09228988471529,1011.9671190988751
1128.0,0.0007916652410583418,1123.0976758989555,102.97215995333265,1010.7879083090597
1129.0,0.0007907392630014194,1121.7840350445551,102.85171768096103,1009.6056315400995
1130.0,0.0007898108929278491,1120.467000750354,102.73096427819225,1008.4203006753183
1131.0,0.0007888801401597637,1119.1465862412165,102.60990095755919,1007.2319276170946
1132.0,0.0007879470140341135,1117.8228047630282,102.48852893352206,1006.0405242867253
1133.0,0.0007870115239025566,1116.4956695825404,102.36684942245415,1004.8461026242862
1134.0,0.0007860736791313514,1115.165193987216,102.24486364262778,1003.6486745884945
1135.0,0.0007851334891012489,1113.8313912850792,102.12257281420032,1002.4482521565712
1136.0,0.0007841909632073835,1112.494274804558,101.99997815920003,1001.2448473241022
1137.0,0.0007832461108591656,1111.1538578943341,101.87708090151204,1000.0384721049006
1138.0,0.0007822989414801708,1109.8101539231839,101.75388226686394,998.8291385308654
1139.0,0.0007813494645080353,1108.4631762798313,101.63038348281218,997.616858651848
1140.0,0.0007803976893943429,1107.1129383727869,101.50658577872741,996.401644535508
1141.0,0.0007794436256045181,1105.7594536301965,101.38249038578053,995.1835082671766
1142.0,0.0007784872826177175,1104.4027354996872,101.25809853692859,993.9624619497183
1143.0,0.0007775286699267194,1103.0427974482097,101.13341146690036,992.7385177033887
1144.0,0.0007765677970378154,1101.6796529618866,101.00843041218236,991.5116876656978
1145.0,0.0007756046734707007,1100.3133155458545,100.88315661100451,990.2819839912689
1146.0,0.000774639308758365,1098.943798724111,100.75759130332592,989.0494188516998
1147.0,0.0007736717124469823,1097.571116039357,100.63173573082061,987.8140044354212
1148.0,0.0007727018940958017,1096.195281052843,100.50559113686327,986.5757529475586
1149.0,0.000771729863277038,1094.816307344213,100.37915876651505,985.3346766097917
1150.0,0.000770755629575761,1093.4342085113478,100.25243986650914,984.090787660213
1151.0,0.0007697792025897851,1092.0489981702085,100.12543568523644,982.8440983531875
1152.0,0.0007688005919295611,1090.6606899546828,99.99814747273149,981.5946209592144
1153.0,0.0007678198072180645,1089.2692975164264,99.87057648065787,980.3423677647836
1154.0,0.0007668368580906848,1087.874834524706,99.7427239622939,979.0873510722354
1155.0,0.0007658517541951171,1086.4773146662467,99.61459117251846,977.829583199622
1156.0,0.0007648645051912495,1085.07675164507,99.48617936779641,976.5690764805629
1157.0,0.000763875120751053,1083.6731591823395,99.35748980616421,975.3058432641055
1158.0,0.0007628836105584725,1082.2665510162053,99.22852374721576,974.0398959145846
1159.0,0.0007618899843093139,1080.8569409016443,99.09928245208778,972.7712468114797
1160.0,0.0007608942517111341,1079.444342610304,98.96976718344538,971.4999083492734
1161.0,0.0007598964224831299,1078.0287699303447,98.83997920546773,970.22589293731
1162.0,0.0007588965063560269,1076.6102366662822,98.7099197838335,968.9492129996538
1163.0,0.000757894513071969,1075.188756638831,98.57959018570659,967.6698809749477
1164.0,0.0007568904523844063,1073.7643436847447,98.44899167972149,966.3879093162702
1165.0,0.000755884334057984,1072.3370116566598,98.31812553596882,965.1033104909937
1166.0,0.0007548761678684317,1070.9067744229367,98.18699302598097,963.8160969806429
1167.0,0.0007538659636024504,1069.4736458675006,98.05559542271736,962.5262812807505
1168.0,0.0007528537310576027,1068.0376398896863,97.92393400055023,961.2338759007175
1169.0,0.0007518394800422003,1066.5987704040767,97.79201003524992,959.9388933636689
1170.0,0.0007508232203751915,1065.157051340345,97.65982480397027,958.6413462063105
1171.0,0.0007498049618860505,1063.7124966430972,97.52737958523426,957.3412469787875
1172.0,0.0007487847144146655,1062.2651202717127,97.39467565891941,956.0386082445414
1173.0,0.0007477624878112264,1060.8149362001857,97.26171430624316,954.733442580167
1174.0,0.0007467382919361123,1059.3619584169646,97.1284968097483,953.4257625752681
1175.0,0.0007457121366597796,1057.9062009247953,96.99502445328835,952.1155808323157
1176.0,0.0007446840318626511,1056.4476777405616,96.86129852201319,950.8029099665054
1177.0,0.0007436539874350012,1054.9864028951235,96.72732030235407,949.4877626056111
1178.0,0.000742622013276846,1053.522390433161,96.59309108200937,948.1701513898448
1179.0,0.0007415881192978298,1052.0556544130136,96.45861214992979,946.8500889717121
1180.0,0.000740552315417112,1050.586208906519,96.3238847963037,945.5275880158669
1181.0,0.0007395146115632557,1049.1140679988553,96.18891031254256,944.2026611989695
1182.0,0.000738475017674115,1047.6392457883817,96.05368999126638,942.8753212095435
1183.0,0.0007374335436967213,1046.161756386477,95.91822512628879,941.5455807478291
1184.0,0.0007363901995871711,1044.6816139173795,95.78251701260257,940.2134525256414
1185.0,0.0007353449953105137,1043.1988325180291,95.64656694636498,938.8789492662261
1186.0,0.0007342979408406381,1041.7134263379057,95.51037622488309,937.542083704115
1187.0,0.0007332490461601588,1040.225409538868,95.37394614659883,936.202868584981
1188.0,0.0007321983212603045,1038.7347962949948,95.23727801107464,934.8613166654953
1189.0,0.0007311457761408053,1037.2416007924262,95.10037311897874,933.5174407131834
1190.0,0.0007300914208097768,1035.7458372291974,94.96323277207001,932.1712535062775
1191.0,0.0007290352652836097,1034.247519815084,94.82585827318374,930.8227678335753
1192.0,0.0007279773195868566,1032.7466627714398,94.68825092621678,929.4719964942956
1193.0,0.0007269175937521162,1031.2432803310335,94.55041203611256,928.1189522979299
1194.0,0.0007258560978199225,1029.7373867378915,94.41234290884668,926.7636480641023
1195.0,0.0007247928418386299,1028.2289962471343,94.2740448514119,925.4060966224208
1196.0,0.0007237278358643016,1026.7181231248187,94.13551917180371,924.0463108123366
1197.0,0.000722661089960593,1025.2047816477718,93.99676717900509,922.6843034829946
1198.0,0.0007215926141986414,1023.6889861034356,93.85779018297221,921.3200874930919
1199.0,0.0007205224186569509,1022.1707507897021,93.71858949461942,919.9536757107318
1200.0,0.0007194505134212784,1020.6500900147535,93.57916642580447,918.585081013278
1201.0,0.0007183769085845207,1019.1270180969002,93.43952228931379,917.2143162872102
1202.0,0.0007173016142466012,1017.6015493644215,93.29965839884774,915.8413944279794
1203.0,0.0007162246405143539,1016.0736981554002,93.15957606900557,914.4663283398601
1204.0,0.000715145997501413,1014.5434788175661,93.01927661527105,913.0891309358094
1205.0,0.0007140656953280965,1013.0109057081311,92.87876135399728,911.709815137318
1206.0,0.0007129837441212925,1011.4759931936279,92.73803160239193,910.3283938742651
1207.0,0.0007119001540143471,1009.9387556497506,92.5970886785027,908.9448800847755
1208.0,0.0007108149351469483,1008.3992074611907,92.45593390120217,907.5592867150716
1209.0,0.0007097280976650138,1006.857363021477,92.31456859017321,906.1716267193292
1210.0,0.0007086396517205756,1005.3132367328122,92.17299406589396,904.7819130595309
1211.0,0.000707549607471666,1003.7668430059123,92.03121164962307,903.3901587053209
1212.0,0.0007064579750822057,1002.2181962598459,91.88922266338506,901.9963766338612
1213.0,0.0007053647647218865,1000.6673109218692,91.74702842995511,900.6005798296821
1214.0,0.0007042699865660592,999.1142014272666,91.60463027284446,899.2027812845398
1215.0,0.0007031736507956195,997.5588822191886,91.4620295162856,897.8029939972697
1216.0,0.0007020757675968923,996.0013677484881,91.31922748521717,896.4012309736391
1217.0,0.0007009763471615194,994.4416724735605,91.17622550526939,894.9975052262043
1218.0,0.0006998753996863437,992.8798108601799,91.03302490274898,893.5918297741617
1219.0,0.0006987729353732962,991.3157973813389,90.88962700462451,892.184217643205
1220.0,0.0006976689644292804,989.7496465170839,90.74603313851128,890.7746818653754
1221.0,0.0006965634970660589,988.181372754355,90.60224463265664,889.3632354789195
1222.0,0.0006954565435001395,986.6109905868242,90.45826281592514,887.9498915281416
1223.0,0.0006943481139526596,985.0385145147305,90.3140890177835,886.5346630632574
1224.0,0.0006932382186492726,983.4639590447207,90.16972456828584,885.1175631402485
1225.0,0.000692126867820034,981.8873386896856,90.02517079805887,883.698604820717
1226.0,0.0006910140716992856,980.3086679685977,89.88042903828682,882.2778011717378
1227.0,0.0006898998405255424,978.7279614063489,89.73550062069671,880.8551652657139
1228.0,0.0006887841845413788,977.1452335335907,89.5903868775436,879.4307101802316
1229.0,0.0006876671139933111,975.5604988865664,89.44508914159525,878.0044489979097
1230.0,0.000686548639131687,973.9737720069547,89.29960874611776,876.5763948062591
1231.0,0.0006854287702105681,972.3850674417037,89.15394702486036,875.1465606975332
1232.0,0.0006843075174876182,970.7943997428705,89.00810531204073,873.7149597685833
1233.0,0.0006831848912239858,969.201783467457,88.86208494232989,872.2816051207111
1234.0,0.0006820609016841917,967.6072331772485,88.71588725083743,870.8465098595236
1235.0,0.0006809355591360149,966.010763438653,88.56951357309677,869.4096870947876
1236.0,0.0006798088738503762,964.4123888225354,88.42296524505,867.9711499402817
1237.0,0.0006786808561012259,962.8121239040581,88.2762436030332,866.5309115136522
1238.0,0.0006775515161654277,961.2099832625172,88.12934998376144,865.0889849362653
1239.0,0.000676420864322645,959.6059814811803,87.98228572431397,863.6453833330621
1240.0,0.0006752889108552264,958.0001331471243,87.83505216211925,862.2001198324118
1241.0,0.0006741556660480917,956.3924528510738,87.68765063494023,860.7532075659664
1242.0,0.0006730211401886168,954.7829551872378,87.54008248085925,859.304659668514
1243.0,0.0006718853435665191,953.1716547531472,87.3923490382633,857.8544892778324
1244.0,0.000670748286473744,951.5585661494932,87.24445164582913,856.4027095345439
1245.0,0.0006696099792043498,949.9437039799651,87.09639164250828,854.9493335819685
1246.0,0.0006684704320543935,948.3270828510871,86.94817036751229,853.4943745659782
1247.0,0.0006673296553218162,946.7087173720565,86.79978916029779,852.0378456348508
1248.0,0.00066618765930633,945.0886221545833,86.65124936055174,850.5797599391249
1249.0,0.0006650444543093012,943.4668118127238,86.50255230817626,849.1201306314514
1250.0,0.0006639000506336382,941.8433009627222,86.35369934327406,847.6589708664499
1251.0,0.0006627544585836769,940.218104222848,86.20469180613352,846.196293800563
1252.0,0.0006616076884650645,938.5912362132304,86.05553103721357,844.7321125919073
1253.0,0.0006604597505846479,936.9627115557013,85.9062183771292,843.266440400131
1254.0,0.0006593106552503577,935.3325448736296,85.7567551666364,841.7992903862665
1255.0,0.0006581604127710946,933.7007507917602,85.60714274661721,840.3306757125841
1256.0,0.0006570090334566145,932.0673439360518,85.45738245806507,838.8606095424465
1257.0,0.0006558565276174154,930.4323389335154,85.30747564206982,837.3891050401638
1258.0,0.0006547029055646225,928.7957504120523,85.15742363980296,835.916175370847
1259.0,0.0006535481776098743,927.1575930002913,85.00722779250272,834.4418337002621
1260.0,0.0006523923540652083,925.5178813274277,84.8568894414592,832.9660931946848
1261.0,0.0006512354452429479,923.8766300230625,84.70640992799974,831.4889670207561
1262.0,0.0006500774614555863,922.2338537170372,84.55579059347376,830.0104683453334
1263.0,0.0006489184130156745,920.5895670392754,84.40503277923816,828.5306103353478
1264.0,0.0006477583102357068,918.9437846196206,84.25413782664249,827.0494061576585
1265.0,0.000646597163428006,917.2965210876725,84.10310707701399,825.5668689789052
1266.0,0.0006454349829046106,915.647791072628,83.95194187164292,824.0830119653651
1267.0,0.0006442717789771602,913.9976092031176,83.80064355176766,822.5978482828057
1268.0,0.0006431075619567829,912.3459901070464,83.64921345856006,821.1113910963417
1269.0,0.0006419423421539787,910.6929484114285,83.49765293311026,819.6236535702856
1270.0,0.0006407761298785096,909.0384987422308,83.34596331641241,818.1346488680076
1271.0,0.0006396089354392828,907.3826557242081,83.1941459493495,816.6443901517872
1272.0,0.0006384407691442382,905.7254339807422,83.04220217267867,815.1528905826679
1273.0,0.0006372716413002355,904.0668481336828,82.89013332701658,813.6601633203144
1274.0,0.0006361015622129394,902.4069128031845,82.73794075282446,812.166221522866
1275.0,0.0006349305421867063,900.7456426075455,82.58562579039332,810.6710783467909
1276.0,0.0006337585915244713,899.0830521630481,82.43318977982939,809.1747469467432
1277.0,0.0006325857205276355,897.4191560837979,82.28063406103927,807.677240475418
1278.0,0.0006314119394959507,895.7539689815612,82.12795997371512,806.178572083405
1279.0,0.000630237258727407,894.0875054656047,81.97516885731991,804.6787549190442
1280.0,0.0006290616885181203,892.4197801425365,81.82226205107285,803.1778021282828
1281.0,0.0006278852391622186,890.7508076161442,81.66924089393457,801.6757268545298
1282.0,0.0006267079209517277,889.0806024872338,81.51610672459228,800.1725422385103
1283.0,0.0006255297441764601,887.4091793534706,81.36286088144529,798.6682614181234
1284.0,0.0006243507191239008,885.7365528092183,81.20950470259017,797.1628975282964
1285.0,0.0006231708560790936,884.0627374453777,81.05603952580597,795.6564637008398
1286.0,0.0006219901653245306,882.3877478492293,80.90246668853987,794.1489730643063
1287.0,0.000620808657140037,880.7115986042701,80.74878752789212,792.640438743843
1288.0,0.0006196263418026588,879.0343042900547,80.5950033806015,791.1308738610492
1289.0,0.0006184432295865511,877.3558794820362,80.44111558303075,789.6202915338325
1290.0,0.0006172593307628646,875.6763387514058,80.28712547115184,788.108704876265
1291.0,0.0006160746555996337,873.9956966649336,80.13303438053143,786.5961269984401
1292.0,0.0006148892143616622,872.3139677848064,79.97884364631592,785.0825710063258
1293.0,0.0006137030173104135,870.6311666684727,79.82455460321728,783.5680500016254
1294.0,0.0006125160747038963,868.9473078684795,79.67016858549808,782.0525770816314
1295.0,0.0006113283967965527,867.262405932314,79.51568692695699,780.5361653390825
1296.0,0.0006101399938391465,865.5764754022454,79.36111096091425,779.0188278620208
1297.0,0.0006089508760786511,863.8895308151656,79.2064420201971,777.5005777336489
1298.0,0.0006077610537581355,862.2015867024276,79.0516814371249,775.9814280321847
1299.0,0.0006065705371166557,860.512657589691,78.89683054349507,774.4613918307218
1300.0,0.0006053793363891395,858.8227579967595,78.74189067056804,772.9404821970834
1301.0,0.0006041874618062774,857.1319024374249,78.58686314905313,771.4187121936823
1302.0,0.0006029949235944078,855.4401054193053,78.43174930909353,769.8960948773746
1303.0,0.0006018017319754087,853.7473814436909,78.27655048025231,768.3726432993217
1304.0,0.0006006078971665839,852.0537450053828,78.12126799149758,766.8483705048444
1305.0,0.0005994134293805513,850.3592105925343,77.96590317118789,765.3232895332807
1306.0,0.0005982183388251334,848.6637926864956,77.81045734705812,763.797413417846
1307.0,0.0005970226357032443,846.9675057616541,77.65493184620466,762.2707551854886
1308.0,0.0005958263302127788,845.2703642852761,77.4993279950711,760.7433278567484
1309.0,0.0005946294325465015,843.5723827173498,77.34364711943367,759.2151444456148
1310.0,0.0005934319528919364,841.8735755104294,77.18789054438702,757.6862179593863
1311.0,0.0005922339014312541,840.1739571094739,77.03205959432941,756.1565613985265
1312.0,0.0005910352883411625,838.4735419516929,76.87615559294863,754.6261877565236
1313.0,0.0005898361237927957,836.7723444663887,76.72017986320746,753.0951100197498
1314.0,0.0005886364179516037,835.0703790747998,76.56413372732935,751.5633411673198
1315.0,0.00058743618097724,833.3676601899417,76.40801850678379,750.0308941709475
1316.0,0.0005862354230234536,831.6642022164528,76.25183552227224,748.4977819948075
1317.0,0.000585034154237977,829.9600195504373,76.09558609371369,746.9640175953934
1318.0,0.000583832384762416,828.2551265793065,75.93927154023012,745.4296139213758
1319.0,0.0005826301247321407,826.5495376816265,75.78289318013249,743.8945839134637
1320.0,0.0005814273842761745,824.8432672269587,75.62645233090619,742.3589405042627
1321.0,0.0005802241735170835,823.1363295757044,75.46995030919679,740.8226966181338
1322.0,0.000579020502570868,821.4287390789505,75.3133884307958,739.2858651710553
1323.0,0.0005778163815468529,819.720510078313,75.15676801062641,737.7484590704817
1324.0,0.0005766118205475754,818.0116569057794,75.00009036272901,736.2104912152015
1325.0,0.0005754068296686793,816.3021938835576,74.84335680024732,734.6719744952018
1326.0,0.000574201418998803,814.5921353239168,74.68656863541388,733.132921791525
1327.0,0.0005729955986194707,812.8814955290342,74.5297271795359,731.5933459761308
1328.0,0.0005717893786049833,811.1702887908394,74.37283374298099,730.0532599117554
1329.0,0.00057058276902231,809.458529390861,74.2158896351632,728.5126764517748
1330.0,0.0005693757799309784,807.7462316000705,74.0588961645286,726.9716084400634
1331.0,0.0005681684213829658,806.0334096787279,73.90185463854121,725.430068710855
1332.0,0.000566960703422591,804.3200778762289,73.7447663636689,723.8880700886059
1333.0,0.0005657526360864062,802.6062504309506,73.58763264536934,722.3456253878554
1334.0,0.0005645442294030861,800.8919415700951,73.43045478807555,720.8027474130855
1335.0,0.000563335493393322,799.1771655095387,73.27323409518219,719.2594489585847
1336.0,0.0005621264380697132,797.461936453678,73.11597186903137,717.7157428083101
1337.0,0.0005609170734366581,795.7462685952751,72.95866941089845,716.1716417357475
1338.0,0.0005597074094902463,794.030176115305,72.80132802097818,714.6271585037745
1339.0,0.0005584974562181515,792.3136731828038,72.64394899837053,713.0823058645233
1340.0,0.000557287223599523,790.5967739547136,72.48653364106679,711.5370965592422
1341.0,0.0005560767216048786,788.8794925757325,72.32908324593548,709.9915433181591
1342.0,0.0005548659601959968,787.1618431781595,72.17159910870846,708.4456588603435
1343.0,0.0005536549493258103,785.4438398817454,72.01408252396696,706.8994558935707
1344.0,0.0005524436989382971,783.7254967935364,71.8565347851275,705.3529471141827
1345.0,0.0005512322189683756,782.0068280077273,71.69895718442817,703.8061452069545
1346.0,0.0005500205193417959,780.2878476055059,71.54135101291463,702.2590628449552
1347.0,0.0005488086099750342,778.568569654903,71.38371756042616,700.7117126894126
1348.0,0.0005475965007751853,776.8490082106415,71.22605811558194,699.1641073895772
1349.0,0.000546384201639857,775.1291773139843,71.068373965767,697.6162595825858
1350.0,0.0005451717224570627,773.4090909925847,70.91066639711858,696.068181893326
1351.0,0.0005439590731051164,771.6887632603343,70.75293669451221,694.5198869343008
1352.0,0.0005427462634525252,769.9682081172134,70.59518614154793,692.9713873054919
1353.0,0.0005415333033578852,768.2474395491414,70.43741602053655,691.4226955942272
1354.0,0.0005403202026697737,766.5264715278246,70.27962761248578,689.8738243750421
1355.0,0.000539106971226645,764.8053180106084,70.12182219708666,688.3247862095475
1356.0,0.0005378936188567251,763.0839929403277,69.96400105269977,686.7755936462949
1357.0,0.0005366801553779044,761.3625102451549,69.80616545634139,685.2262592206393
1358.0,0.0005354665905976353,759.6408838384542,69.64831668367007,683.6767954546087
1359.0,0.0005342529343128248,757.9191276186301,69.49045600897277,682.127214856767
1360.0,0.0005330391963097322,756.1972554689809,69.33258470515145,680.5775299220827
1361.0,0.0005318253863638602,754.475281257546,69.17470404370901,679.0277531317913
1362.0,0.0005306115142398553,752.7532188369629,69.01681529473625,677.4778969532666
1363.0,0.0005293975896914004,751.0310820443159,68.85891972689792,675.9279738398843
1364.0,0.0005281836224611108,749.3088847009878,68.70101860741921,674.377996230889
1365.0,0.0005269696222804309,747.5866406125147,68.54311320207236,672.8279765512632
1366.0,0.0005257555988695307,745.864363568437,68.38520477516305,671.2779272115934
1367.0,0.0005245415619371998,744.1420673421513,68.22729458951676,669.7278606079361
1368.0,0.0005233275211807466,742.4197656907661,68.06938390646563,668.1777891216893
1369.0,0.0005221134862858939,740.6974723549533,67.9114739858348,666.6277251194579
1370.0,0.0005208994669266736,738.9752010588005,67.75356608592884,665.0776809529203
1371.0,0.0005196854727653274,737.2529655096686,67.5956614635187,663.5276689587016
1372.0,0.0005184715134522007,735.5307793980417,67.437761373828,661.9777014582374
1373.0,0.000517257598625642,733.8086563973844,67.27986707051993,660.427790757646
1374.0,0.0005160437379118981,732.0866101639938,67.1219798056836,658.8779491475943
1375.0,0.0005148299409250144,730.3646543368568,66.96410082982105,657.328188903171
1376.0,0.0005136162172667304,728.6428025375027,66.80623139183373,655.7785222837524
1377.0,0.0005124025765263787,726.9210683698601,66.64837273900935,654.228961532874
1378.0,0.0005111890282807832,725.1994654201113,66.49052611700849,652.6795188781001
1379.0,0.0005099755820941571,723.4780072565493,66.33269276985158,651.1302065308943
1380.0,0.000508762247518001,721.7567074294316,66.17487393990542,649.5810366864883
1381.0,0.0005075490340910028,720.0355794708396,66.01707086787037,648.0320215237555
1382.0,0.0005063359513389357,718.3146368945324,65.85928479276684,646.4831732050791
1383.0,0.0005051230087745565,716.5938931958043,65.70151695192229,644.9345038762239
1384.0,0.0005039102158975065,714.8733618513427,65.54376858095817,643.3860256662083
1385.0,0.0005026975821942097,713.1530563190843,65.38604091377685,641.8377506871758
1386.0,0.000501485117137773,711.4329900380734,65.22833518254843,640.289691034266
1387.0,0.0005002728301878855,709.7131764283195,65.07065261769783,638.7418587854875
1388.0,0.0004990607307907185,707.9936288906545,64.91299444789165,637.194266001589
1389.0,0.0004978488283788264,706.2743608065932,64.7553619000254,635.6469247259338
1390.0,0.0004966371323710458,704.5553855381892,64.59775619921025,634.0998469843702
1391.0,0.0004954256521723975,702.8367164278964,64.44017856876036,632.5530447851066
1392.0,0.0004942143971739861,701.1183667984262,64.28263023017983,631.0065301185836
1393.0,0.0004930033767529007,699.4003499526078,64.12511240314974,629.460314957347
1394.0,0.000491792600272118,697.6826791732489,63.96762630551559,627.9144112559239
1395.0,0.0004905820770804011,695.9653677229929,63.81017315327405,626.3688309506936
1396.0,0.0004893718165122031,694.2484288441832,63.65275416056054,624.8235859597648
1397.0,0.0004881618278875669,692.5318757587195,63.49537053963615,623.2786881828475
1398.0,0.00048695212051202887,690.8157216679218,63.33802350087504,621.7341495011295
1399.0,0.00048574270367652,689.0999797523904,63.18071425275169,620.1899817771513
1400.0,0.00048453358665726865,687.3846631718675,63.02344400182821,618.6461968546806
1401.0,0.00048332477871570274,685.6697850650986,62.866213952741575,617.1028065585887
1402.0,0.00048211628909835283,683.9553585496951,62.70902530819109,615.5598226947255
1403.0,0.0004809081270367545,682.2413967219958,62.55187926892563,614.0172570497962
1404.0,0.00047970030174735275,680.5279126569311,62.39477703373126,612.4751213912378
1405.0,0.0004784928224314037,678.8149194078836,62.2377197994184,610.9334274670953
1406.0,0.00047728569827487947,677.1024300065535,62.080708760809486,609.3921870058981
1407.0,0.00047607893844837126,675.3904574628206,61.92374511072636,607.8514117165385
1408.0,0.000474872552106994,673.6790147646093,61.76683003997783,606.3111132881482
1409.0,0.0004736665483902899,671.9681148777515,61.609964737347205,604.7713033899763
1410.0,0.00047246093642213283,670.2577707458518,61.453150389579754,603.2319936712665
1411.0,0.00047125572531063394,668.5479952901522,61.29638818137053,601.693195761137
1412.0,0.0004700509241480459,666.8388014093978,61.13967929535183,600.1549212684579
1413.0,0.0004688465420106673,665.1302019796996,60.98302491208082,598.6171817817295
1414.0,0.00046764258795874906,663.4222098544031,60.82642621002735,597.0799888689628
1415.0,0.0004664390710364001,661.714837863954,60.66988436556164,595.5433540775585
1416.0,0.00046523600027149117,660.0080988157613,60.513400552941846,594.0072889341851
1417.0,0.0004640333846755635,658.3020054940682,60.35697594430211,592.4718049446614
1418.0,0.0004628312332437331,656.5965706598163,60.20061170964014,590.9369135938346
1419.0,0.00046162955495459836,654.8918070505144,60.044309016805215,589.4026263454629
1420.0,0.0004604283587701448,653.1877273801035,59.888069031485756,587.8689546420931
1421.0,0.00045922765363565503,651.4843443388288,59.73189291719762,586.3359099049459
1422.0,0.0004580274484796132,649.7816705931045,59.57578183527171,584.803503533794
1423.0,0.00045682775221361294,648.079718785383,59.41973694484196,583.2717469068447
1424.0,0.0004556285737322661,646.3785015340253,59.263759402833465,581.7406513806227
1425.0,0.0004544299219131094,644.6780314331689,59.10785036395037,580.210228289852
1426.0,0.00045323180561651264,642.9783210525975,58.952010980663914,578.6804889473377
1427.0,0.00045203423368558735,641.279382937611,58.79624240320054,577.1514446438498
1428.0,0.00045083721494609553,639.5812296088965,58.64054577953002,575.6231066480068
1429.0,0.0004496407582063569,637.8838735623967,58.48492225535343,574.095486206157
1430.0,0.0004484448722571602,636.1873272691838,58.32937297409157,572.5685945422654
1431.0,0.0004472495658716705,634.4916031753282,58.173899076872914,571.0424428577953
1432.0,0.0004460548478053403,632.7967137017722,58.01850170252207,569.5170423315949
1433.0,0.00044486072679581694,631.102671244199,57.86318198754773,567.9924041197789
1434.0,0.0004436672115628552,629.4094881729081,57.70794106613128,566.4685393556173
1435.0,0.00044247431080822583,627.7171768326865,57.55278007011492,564.9454591494177
1436.0,0.00044128203321562646,626.0257495426811,57.39770012899007,563.423174588413
1437.0,0.00044009038745059247,624.3352185962733,57.24270236988579,561.9016967366459
1438.0,0.0004388993821604082,622.6455962609525,57.08778791755722,560.3810366348572
1439.0,0.0004377090259740167,620.9568947781881,56.932957894373835,558.8612053003693
1440.0,0.00043651932750193325,619.269126363307,56.778213420308205,557.3422137269763
1441.0,0.00043533029533615575,617.5823032053665,56.62355561292434,555.8240728848298
1442.0,0.0004341419380500772,615.8964374670297,56.46898558736632,554.3067937203267
1443.0,0.0004329542641983968,614.2115412844399,56.31450445634668,552.7903871559959
1444.0,0.00043176728231703477,612.5276267670996,56.1601133301354,551.2748640903895
1445.0,0.00043058100092304265,610.8447059977431,56.0058133165482,549.7602353979687
1446.0,0.00042939542851451717,609.1627910322144,55.85160552093532,548.2465119289928
1447.0,0.0004282105735705145,607.4818938993457,55.69749104617041,546.733704509411
1448.0,0.00042702644455096234,605.8020266008324,55.54347099263908,545.2218239407491
1449.0,0.00042584304989657355,604.1232011111108,55.38954645822761,543.7108809999997
1450.0,0.00042466039802876223,602.4454293772391,55.235718538312156,542.2008864395151
1451.0,0.00042347849734955566,600.768723318772,55.08198832574717,540.6918509868948
1452.0,0.0004222973562415096,599.0930948276414,54.92835691085446,539.1837853448772
1453.0,0.00042111698306762435,597.4185557680361,54.77482538141223,537.6767001912324
1454.0,0.0004199373861712579,595.7451179762799,54.62139482264383,536.1706061786518
1455.0,0.0004187585738760428,594.0727932607128,54.4680663172069,534.6655139346416
1456.0,0.00041758055448580034,592.4015934015697,54.31484094518222,533.1614340614127
1457.0,0.0004164033362844583,590.7315301508634,54.16171978406302,531.658377135777
1458.0,0.0004152269275359659,589.0626152322636,54.0087039087439,530.1563537090373
1459.0,0.0004140513364842095,587.3948603409789,53.8557943915099,528.655374306881
1460.0,0.0004128765713529314,585.7282771436394,53.702992302025905,527.1554494292753
1461.0,0.0004117026403456454,584.0628772781785,53.550298707325666,525.6565895503605
1462.0,0.00041052955164555397,582.3986723537148,53.39771467180103,524.1588051183433
1463.0,0.0004093573134154666,580.7356739504364,53.245241257191346,522.6621065553927
1464.0,0.00040818593379771736,579.0738936194839,53.09287952257269,521.1665042575354
1465.0,0.0004070154209140818,577.4133428828322,52.940630524347085,519.672008594549
1466.0,0.0004058457828656973,575.7540332331785,52.78849531623218,518.1786299098605
1467.0,0.00040467702773298105,574.0959761338245,52.63647494925049,516.686378520442
1468.0,0.0004035091635755482,572.4391830185614,52.48457047171883,515.1952647167052
1469.0,0.0004023421984321313,570.7836652915554,52.332782929237815,513.7052987623997
1470.0,0.0004011761403205009,569.1294343272344,52.1811133646815,512.2164908945109
1471.0,0.00040001099723738426,567.476501470174,52.02956281818686,510.72885132315656
1472.0,0.00039884677715838545,565.8248780349825,51.87813232714335,509.2423902314842
1473.0,0.0003976834880379065,564.1745753061904,51.72682292618266,507.7571177755713
1474.0,0.00039652113780906754,562.5256045381363,51.575635647168376,506.2730440843227
1475.0,0.0003953597343836275,560.8779769548551,51.42457151918559,504.7901792593695
1476.0,0.00039419928565190585,559.2317037499658,51.273631568530774,503.3085333749692
1477.0,0.00039303979948270397,557.5867960865617,51.122816818701516,501.82811647790544
1478.0,0.00039188128372322727,555.943265097098,50.97212829038642,500.34893858738815
1479.0,0.000390723746199006,554.301121883281,50.82156700145482,498.8710096949529
1480.0,0.00038956719471381967,552.66037751596,50.67113396694687,497.394339764364
1481.0,0.0003884116370496186,551.0210430350165,50.52083019906344,495.9189387315148
1482.0,0.00038725708096644634,549.3831294492535,50.37065670715596,494.4448165043281
1483.0,0.0003861035342023644,547.7466477362896,50.22061449771666,492.9719829626606
1484.0,0.0003849510044733756,546.1116088424493,50.070704574368555,491.50044795820435
1485.0,0.00038379949947334624,544.4780236826537,49.92092793785542,490.03022131438826
1486.0,0.0003826490268739327,542.845903140315,49.77128558603211,488.5613128262835
1487.0,0.00038149959432450507,541.2152580672296,49.621778513854736,487.09373226050656
1488.0,0.0003803512094520707,539.5860992834685,49.472407713370664,485.6274893551216
1489.0,0.00037920387986120147,537.9584375772747,49.32317417370908,484.16259381954717
1490.0,0.0003780576131339577,536.3322837049552,49.174078881071075,482.6990553344596
1491.0,0.0003769124168298148,534.7076483907767,49.02512281872012,481.236883551699
1492.0,0.00037576829848558793,533.0845423268592,48.876306966972265,479.7760880941732
1493.0,0.0003746252656153602,531.4629761730733,48.72763230318677,478.316678555766
1494.0,0.0003734833257104087,529.8429605569365,48.57909980175655,476.8586645012428
1495.0,0.00037234248623912997,528.2245060735061,48.430710434098394,475.40205546615533
1496.0,0.0003712027546469696,526.6076232852802,48.28246516864388,473.94686095675206
1497.0,0.0003700641383563489,524.9923227220936,48.13436497082981,472.49309044988416
1498.0,0.0003689266447665917,523.3786148810136,47.986410803088674,471.04075339291217
1499.0,0.0003677902812538545,521.7665102262414,47.83860362483961,469.5898592036172
1500.0,0.00036665505517105356,520.1560191890081,47.69094439247884,468.1404172701072
1501.0,0.00036552097384779525,518.5471521674763,47.54343405937071,466.69243695072856
1502.0,0.0003643880445903029,516.939919526636,47.39607357583811,465.2459275739724
1503.0,0.0003632562746813486,515.3343315982085,47.248863889153604,463.8008984383876
1504.0,0.00036212567138018244,513.7303986805451,47.10180594353026,462.35735881249053
1505.0,0.00036099624192246127,512.1281310385267,46.95490068011237,460.915317934674
1506.0,0.0003598679935201813,510.52753890346804,46.80814903696665,459.47478501312116
1507.0,0.00035874093336160775,508.9286324730176,46.661551949073136,458.0357692257158
1508.0,0.00035761506861120513,507.3314219110592,46.515110348316114,456.5982797199532
1509.0,0.0003564904064095707,505.73591734761715,46.36882516347543,455.1623256128554
1510.0,0.0003553669538733651,504.14212887875806,46.22269732021747,453.7279159908822
1511.0,0.0003542447180952435,502.5500665664933,46.07672774108627,452.2950599098439
1512.0,0.00035312370614379025,500.9597404386858,45.93091734549492,450.86376639481716
1513.0,0.00035200392506345003,499.3711604889529,45.785267049716666,449.43404444005756
1514.0,0.0003508853818744614,497.7843366765719,45.63977776687627,448.0059030089147
1515.0,0.00034976808357279,496.19927892638515,45.49445040694129,446.57935103374655
1516.0,0.00034865203713006234,494.6159971287063,45.34928587671351,445.1543974158356
1517.0,0.000347537249493501,493.0345011392282,45.20428507982045,443.7310510253053
1518.0,0.00034642372758585664,491.4548007789268,45.0594489167066,442.3093207010341
1519.0,0.00034531147830534526,489.8769058339717,44.91477828462518,440.8892152505745
1520.0,0.00034420050852558223,488.30082605563285,44.77027407762963,439.4707434500695
1521.0,0.000343090825095517,486.72657116018775,44.62593718656507,438.05391404416895
1522.0,0.0003419824348393703,485.1541508288324,44.48176849906014,436.63873574594913
1523.0,0.0003408753445565695,483.58357470759,44.337768899518615,435.22521723683093
1524.0,0.0003397695610216846,482.0148524072193,44.193939269111056,433.8133671664973
1525.0,0.0003386650909843659,480.44799350312695,44.05028048576672,432.40319415281425
1526.0,0.0003375619411692808,478.88300753527756,43.906793424165315,430.99470678174976
1527.0,0.0003364601182760517,477.31990400810537,43.763478955728935,429.58791360729475
1528.0,0.00033535962897919216,475.75869239042424,43.62033794861379,428.1828231513818
1529.0,0.0003342604799280474,474.19938211534264,43.47737126770239,426.7794439038083
1530.0,0.00033316267774673164,472.6419825801752,43.334579774595475,425.3777843221576
1531.0,0.00033206622903406597,471.0865031463541,43.19196432760389,423.9778528317187
1532.0,0.00033097114036351964,469.53295313934655,43.04952578174096,422.5796578254118
1533.0,0.0003298774182831488,467.98134184856696,42.90726498871451,421.1832076637102
1534.0,0.00032878506931553503,466.43167852729044,42.76518279691888,419.78851067456134
1535.0,0.0003276940999577277,464.8839723925707,42.62328005142744,418.3955751533136
1536.0,0.0003266045166811833,463.338232625154,42.481557593984675,417.0044093626385
1537.0,0.0003255163259317073,461.79446836939684,42.34001626299864,415.6150215324571
1538.0,0.0003244295341293937,460.25268873318004,42.19865689353308,414.227419859862
1539.0,0.00032334414766856914,458.71290278782936,42.05748031730018,412.8416125090464
1540.0,0.0003222601729177336,457.1751195680318,41.91648736265285,411.4576076112286
1541.0,0.0003211776162195018,455.6393480717519,41.77567885457707,410.07541326457664
1542.0,0.00032009648389054836,454.10559726015424,41.63505561468481,408.6950375341388
1543.0,0.000319016782221549,452.5738760575203,41.494618461206336,407.31648845176824
1544.0,0.0003179385174771242,451.0441933511679,41.35436820898291,405.93977401605105
1545.0,0.0003168616958957842,449.51655799137353,41.21430566945963,404.5649021922361
1546.0,0.0003157863236898719,447.9909787912917,41.07443165067799,403.19188091216245
1547.0,0.0003147124070455079,446.46746452687603,40.93474695726873,401.8207180741884
1548.0,0.0003136399521225353,444.946023936802,40.7952523904447,400.45142154312174
1549.0,0.0003125689650544654,443.42666572238915,40.65594874799375,399.0839991501502
1550.0,0.0003114994519484232,441.909398547524,40.51683682427162,397.7184586927716
1551.0,0.0003104314188850921,440.39423103858195,40.37791741019484,396.3548079347237
1552.0,0.00030936487191866234,438.88117178435346,40.23919129323393,394.9930546059181
1553.0,0.0003082998170767766,437.37022933596745,40.10065925740637,393.63320640237066
1554.0,0.00030723626036047673,435.8614122068154,39.962322083269655,392.2752709861338
1555.0,0.0003061742077441522,434.3547288724784,39.82418054791461,390.9192559852305
1556.0,0.00030511366517548786,432.85018777065295,39.686235424958554,389.5651689935876
1557.0,0.0003040546385754106,431.3477973010753,39.54848748453843,388.21301757096774
1558.0,0.00030299713383804004,429.8475658254515,39.41093749330431,386.86280924290634
1559.0,0.0003019411568306364,428.3495016673835,39.27358621441269,385.5145515006451
1560.0,0.0003008867133935499,426.8536131122973,39.13643440751984,384.1682518010675
1561.0,0.0002998338093401702,425.3599084073711,38.999482828775285,382.82391756663395
1562.0,0.00029878245045687697,423.86839576146565,38.862732230815354,381.48155618531905
1563.0,0.00029773264250299096,422.3790833450541,38.72618336275678,380.14117501054864
1564.0,0.00029668439121072253,420.89197929014966,38.58983697019008,378.8027813611347
1565.0,0.00029563770228512574,419.4070916902401,38.45369379517352,377.4663825212161
1566.0,0.00029459258140404794,417.9244286002164,38.31775457622658,376.13198574019475
1567.0,0.0002935490342180822,416.44399803630506,38.18202004832377,374.7995982326745
1568.0,0.00029250706635052036,414.9658079760017,38.04649094288853,373.4692271784015
1569.0,0.0002914666833973048,413.4898663580026,37.91116798778693,372.14087972220227
1570.0,0.0002904278909269818,412.01618108213853,37.776051907321644,370.81456297392464
1571.0,0.00028939069448065576,410.5447600093096,37.64114342222592,369.4902840083786
1572.0,0.000288355099571942,409.07561096141865,37.50644324965757,368.16804986527677
1573.0,0.000287321111686922,407.6087417213076,37.371952103193,366.8478675491768
1574.0,0.0002862887362840967,406.1441600326908,37.23767069282123,365.5297440294217
1575.0,0.00028525797879434307,404.6818736000945,37.103599724938256,364.213686240085
1576.0,0.00028422884462086894,403.2218900887914,36.96973990234108,362.8997010799122
1577.0,0.0002832013391391678,401.76421712473746,36.83609192422193,361.5877954122637
1578.0,0.00028217546769697686,400.30886229451215,36.70265648616276,360.2779760650609
1579.0,0.00028115123561423227,398.8558331452548,36.569434280129414,358.9702498307293
1580.0,0.00028012864818302606,397.40513718460375,36.43642599446606,357.6646234661433
1581.0,0.0002791077106675644,395.9567818806369,36.30363231388974,356.3611036925732
1582.0,0.0002780884283041249,394.5107746618113,36.17105391948482,355.0596971956301
1583.0,0.0002770708063010141,393.06712291690263,36.038691488697445,353.76041062521233
1584.0,0.00027605484983852705,391.62583399494827,35.90654569533031,352.4632505954534
1585.0,0.0002750405640689057,390.18691520518774,35.774617209537226,351.16822368466893
1586.0,0.00027402795411629854,388.75037381700594,35.6429066978179,349.8753364353053
1587.0,0.00027301702507671926,387.3162170598741,35.51141482301251,348.58459535388664
1588.0,0.0002720077820180084,385.88445212329555,35.38014224429674,347.29600691096596
1589.0,0.00027100022997979316,384.45508615674885,35.24908961717659,346.0095775410739
1590.0,0.00026999437397344766,383.0281262696311,35.11825759348313,344.72531364266797
1591.0,0.00026899021898205535,381.6035795312049,34.98764682136769,343.4432215780844
1592.0,0.0002679877699603703,380.18145297054326,34.857257945296766,342.1633076734889
1593.0,0.0002669870318347785,378.7617535764748,34.72709160604702,340.8855782188273
1594.0,0.0002659880095032618,377.3444882975324,34.59714844070056,339.61003946777913
1595.0,0.00026499070783535993,375.92966404189957,34.46742908264003,338.33669763770956
1596.0,0.00026399513167213397,374.5172876773585,34.33793416154386,337.06555890962267
1597.0,0.0002630012858261295,373.1073660312379,34.20866430338145,335.79662942811404
1598.0,0.00026200917508134195,371.6999058903636,34.07962013040865,334.5299153013272
1599.0,0.00026101880419318027,370.29491400100716,33.95080226116309,333.2654226009064
1600.0,0.00026003017788843154,368.8923970688358,33.82221131045953,332.00315736195216
1601.0,0.00025904330086522713,367.4923617588641,33.69384788938546,330.7431255829776
1602.0,0.00025805817779300826,366.0948146954053,33.56571260529666,329.48533322586474
1603.0,0.0002570748133124912,364.6997624620221,33.43780606181262,328.22978621581984
1604.0,0.000256093212035635,363.30721160148056,33.3101288588124,326.9764904413325
1605.0,0.0002551133785456082,361.91716861570296,33.18268159243022,325.7254517541327
1606.0,0.00025413531739675526,360.5296399657204,33.05546485505119,324.4766759691483
1607.0,0.0002531590331145655,359.14463207162845,32.928479235307194,323.23016886446555
1608.0,0.00025218453019564067,357.76215131254133,32.80172531807273,321.9859361812872
1609.0,0.000251211813107664,356.38220402654787,32.675203684460804,320.74398362389303
1610.0,0.0002502408862893679,355.00479651066587,32.54891491181884,319.5043168595992
1611.0,0.0002492717541505053,353.62993502080116,32.42285957372484,318.266941518721
1612.0,0.0002483044210718184,352.25762577170354,32.29703823998341,317.0318631945332
1613.0,0.0002473388914050082,350.8878749369235,32.17145147662171,315.7990874432311
1614.0,0.00024637516947270677,349.52068864877265,32.04609984588596,314.5686197838954
1615.0,0.0002454132595684475,348.1560729982819,31.920983906237453,313.34046569845367
1616.0,0.0002444531659566359,346.79403403515965,31.79610421234882,312.11463063164365
1617.0,0.00024349489287252288,345.4345777677541,31.67146131510055,310.89111999097867
1618.0,0.00024253844452217592,344.07771016301245,31.54705576157724,309.66993914671116
1619.0,0.00024158382508245287,342.7234371464434,31.42288809506417,308.45109343179905
1620.0,0.00024063103870097354,341.37176460207723,31.29895885504362,307.2345881418695
1621.0,0.00023968008949609482,340.0226983724301,31.17526857719163,306.0204285351871
1622.0,0.00023873098155688418,338.67624425846685,31.051817793374568,304.80861983262014
1623.0,0.00023778371894309314,337.3324080195631,30.928607031645655,303.59916721760675
1624.0,0.00023683830568513377,335.99119537347195,30.80563681624192,302.3920758361247
1625.0,0.0002358947457840528,334.6526119962874,30.682907667580835,301.1873507966586
1626.0,0.0002349530432115071,333.31666352240944,30.560420102257133,299.98499717016847
1627.0,0.00023401320190974067,331.9833555445113,30.438174633039786,298.78501999006016
1628.0,0.00023307522579156092,330.65269361350613,30.31617176886895,297.5874242521555
1629.0,0.00023213911874031448,329.32468323851225,30.194412014852812,296.392214914661
1630.0,0.0002312048846098664,327.999329886824,30.07289587226487,295.1993968981416
1631.0,0.00023027252722457637,326.676638983878,29.951623838540858,294.00897508549014
1632.0,0.0002293420503792782,325.3566159132236,29.83059640727606,292.82095432190124
1633.0,0.00022841345783925678,324.0392660164908,29.70981406822234,291.63533941484167
1634.0,0.00022748675334022912,322.7245945933629,29.589277307285634,290.45213513402655
1635.0,0.00022656194058832266,321.4126069015459,29.468986606523167,289.2713462113913
1636.0,0.00022563902326005474,320.1033081567395,29.34894244414077,288.0929773410655
1637.0,0.00022471800500231443,318.79670353261093,29.22914529449051,286.9170331793498
1638.0,0.00022379888943234224,317.49279816076677,29.10959562806806,285.7435183446901
1639.0,0.00022288168013771112,316.1915971307253,28.990293911510218,284.57243741765274
1640.0,0.00022196638067630887,314.89310548989215,28.871240607592625,283.4037949409029
1641.0,0.00022105299457631989,313.597328243534,28.7524361752274,282.23759541918054
1642.0,0.00022014152533620767,312.30427035475395,28.633881069460845,281.0738433192785
1643.0,0.00021923197642469705,311.0139367444664,28.515575741471146,279.9125430700197
1644.0,0.00021832435128075887,309.72633229137494,28.397520638566377,278.75369906223744
1645.0,0.0002174186533135928,308.44146183194846,28.279716204182275,277.5973156487536
1646.0,0.0002165148859026114,307.1593301603981,28.162162877880146,276.4433971443583
1647.0,0.0002156130523974258,305.87994202865735,28.044861095345016,275.29194782579157
1648.0,0.00021471315611783004,304.60330214635934,27.927811288383598,274.14297193172337
1649.0,0.00021381520035378606,303.3294151808161,27.81101388492233,272.9964736627345
1650.0,0.00021291918836541091,302.058285757,27.694469309005715,271.8524571813
1651.0,0.00021202512338296247,300.78991845752364,27.578177980794464,270.71092661177124
1652.0,0.00021113300860682577,299.52431782262045,27.46214031656372,269.5718860403583
1653.0,0.00021024284720750125,298.26148835012793,27.34635672870152,268.4353395151151
1654.0,0.00020935464232559191,297.00143449546977,27.23082762570714,267.30129104592277
1655.0,0.00020846839707179142,295.7441606716384,27.115553412189534,266.1697446044745
1656.0,0.00020758411452687252,294.489671249179,27.00053448886583,265.0407041242611
1657.0,0.00020670179774167656,293.2379705561746,26.88577125255998,263.9141735005571
1658.0,0.00020582144973710267,291.9890628782305,26.771264096201325,262.79015659040743
1659.0,0.00020494307350409717,290.74295245845946,26.657013408823246,261.6686572126135
1660.0,0.0002040666720036447,289.499643497469,26.543019575561992,260.54967914772203
1661.0,0.0002031922481667586,288.25914015334774,26.429282977655447,259.4332261380129
1662.0,0.0002023198048944718,287.0214465416526,26.315803992441918,258.3193018874873
1663.0,0.00020144934505782883,285.7865667353974,26.202582993359115,257.20791006185766
1664.0,0.0002005808714978784,284.5545047650423,26.089620349943193,256.099054288538
1665.0,0.0001997143870256642,283.3252646184807,25.976916427827526,254.99273815663258
1666.0,0.00019884989442221993,282.09885024103227,25.86447158874209,253.888965216929
1667.0,0.0001979873964385614,280.8752655354319,25.75228619051243,252.78773898188865
1668.0,0.0001971268957956809,279.6545143618213,25.6403605870589,251.68906292563918
1669.0,0.00019626839518454095,278.4366005377407,25.5286951283959,250.59294048396657
1670.0,0.00019541189726606984,277.22152783812174,25.41729016063124,249.49937505430955
1671.0,0.00019455740467115622,276.00929999528074,25.30614602596549,248.40836999575265
1672.0,0.00019370492000064443,274.79992069891136,25.195263062691325,247.31992862902018
1673.0,0.0001928544458253315,273.59339359608043,25.08464160519317,246.23405423647236
1674.0,0.00019200598468596325,272.3897222912229,24.974281983946675,245.15075006210057
1675.0,0.0001911595390932304,271.1889103461357,24.86418452551821,244.07001931152212
1676.0,0.00019031511152776726,269.9909612799764,24.754349552564705,242.9918651519787
1677.0,0.00018947270444014895,268.7958785692587,24.644777383833272,241.91629071233282
1678.0,0.0001886323202508898,267.6036656478509,24.535468334161017,240.8432990830658
1679.0,0.00018779396135044146,266.4143259069726,24.426422714474775,239.7728933162753
1680.0,0.0001869576300991931,265.2278626951951,24.317640831791145,238.70507642567554
1681.0,0.00018612332882747085,264.0442793184408,24.209122989216414,237.6398513865967
1682.0,0.00018529105983553678,262.86357903998174,24.100869485946443,236.57722113598356
1683.0,0.00018446082539359083,261.6857650804422,23.992880617266877,235.51718857239797
1684.0,0.0001836326277417712,260.5108406177992,23.885156674553244,234.45975655601927
1685.0,0.00018280646909015516,259.3388087873839,23.777697945271015,233.4049279086455
1686.0,0.0001819823516187621,258.1696726818857,23.670504712976044,232.3527054136971
1687.0,0.00018116027747755526,257.0034353513547,23.563577257314755,231.30309181621922
1688.0,0.00018034024878644376,255.84009980320485,23.45691585402443,230.25608982288435
1689.0,0.0001795222676352872,254.67966900222015,23.350520774933802,229.2117021019981
1690.0,0.0001787063360838985,253.52214587055883,23.244392287963414,228.1699312835029
1691.0,0.00017789245616204818,252.3675332877594,23.138530657126196,227.13077995898342
1692.0,0.0001770806298694685,251.21583409074648,23.032936142527976,226.0942506816718
1693.0,0.00017627085917585933,250.0670510738393,22.927609000368278,225.06034596645537
1694.0,0.00017546314602089316,248.9211869887586,22.82254948294094,224.02906828988273
1695.0,0.00017465749231422044,247.77824454463428,22.717757838634828,223.00042009017082
1696.0,0.0001738538999354771,246.638226408016,22.613234311934807,221.9744037672144
1697.0,0.00017305237073429066,245.50113520288215,22.50897914342255,220.9510216825939
1698.0,0.0001722529065302872,244.36697351064922,22.40499256977741,219.93027615958428
1699.0,0.00017145550911309995,243.23574387018454,22.301274823777586,218.91216948316605
1700.0,0.00017066018024237685,242.10744877781653,22.19782613430106,217.89670390003485
1701.0,0.00016986692164778938,240.9820906873476,22.09464672632678,216.8838816186128
1702.0,0.00016907573502904127,239.8596720100662,21.991736820935767,215.87370480905957
1703.0,0.0001682866220558787,238.74019511476155,21.889096635312463,214.86617560328537
1704.0,0.00016749958436809988,237.62366232773707,21.786726382745965,213.86129609496334
1705.0,0.0001667146235755651,236.51007593282466,21.684626272631327,212.85906833954218
1706.0,0.00016593174125820854,235.39943817140153,21.58279651047112,211.85949435426136
1707.0,0.0001651509389660491,234.29175124240547,21.481237297876806,210.8625761181649
1708.0,0.00016437221821920164,233.18701730235085,21.37994883257024,209.86831557211573
1709.0,0.0001635955805078904,232.08523846534763,21.278931308385367,208.87671461881283
1710.0,0.00016282102729246102,230.98641680311843,21.178184915269842,207.88777512280657
1711.0,0.00016204856000339327,229.89055434501662,21.077709839286634,206.90149891051493
1712.0,0.00016127818004131578,228.79765307804715,20.977506262615975,205.9178877702424
1713.0,0.0001605098887770191,227.70771494688512,20.877574363557045,204.9369434521966
1714.0,0.00015974368755147095,226.62074185389739,20.77791431652996,203.95866766850762
1715.0,0.00015897957767583039,225.53673565916273,20.67852629207761,202.98306209324642
1716.0,0.00015821756043146406,224.4556981804948,20.57941045686778,202.0101283624453
1717.0,0.0001574576370699619,223.37763119346448,20.48056697369519,201.039868074118
1718.0,0.00015669980881315255,222.30253643142171,20.381996001483493,200.07228278827952
1719.0,0.0001559440768531217,221.23041558552157,20.28369769528767,199.10737402696938
1720.0,0.00015519044235222837,220.1612703047473,20.185672206296147,198.14514327427253
1721.0,0.00015443890644312232,219.09510219593497,20.087919681833046,197.18559197634144
1722.0,0.00015368947022876322,218.03191282380087,19.990440265360704,196.22872154142075
1723.0,0.0001529421347824387,216.97170371096686,19.89323409648199,195.27453333987015
1724.0,0.00015219690114778297,215.914476337987,19.79630131094276,194.3230287041883
1725.0,0.00015145377033879735,214.86023214337652,19.69964204063449,193.37420892903884
1726.0,0.00015071274333986948,213.80897252363917,19.603256413596817,192.42807527127525
1727.0,0.0001499738211057943,212.76069883329694,19.507144554020233,191.48462894996723
1728.0,0.00014923700456179407,211.71541238491847,19.4113065822487,190.5438711464266
1729.0,0.0001485022946035408,210.67311444915086,19.31574261478257,189.60580300423575
1730.0,0.00014776969209717776,209.63380625475025,19.220452764281397,188.6704256292752
1731.0,0.00014703919787934077,208.5974889886119,19.125437139566667,187.7377400897507
1732.0,0.0001463108127571825,207.56416379580475,19.030695845625,186.80774741622423
1733.0,0.00014558453750839452,206.5338317796027,18.936228983610995,185.8804486016424
1734.0,0.00014486037288123112,205.5064940015184,18.842036650850336,184.95584460136655
1735.0,0.0001441383195945338,204.48215148133795,18.74811894084297,184.03393633320414
1736.0,0.0001434183783377554,203.46080519715522,18.65447594326627,183.11472467743968
1737.0,0.00014270054977098563,202.44245608540785,18.561107743978305,182.19821047686705
1738.0,0.00014198483452497533,201.42710504091204,18.468014425021057,181.28439453682083
1739.0,0.00014127123320116405,200.41475291690134,18.375196064623964,180.37327762521116
1740.0,0.00014055974637170528,199.40540052506253,18.28265273720722,179.46486047255627
1741.0,0.0001398503745794933,198.3990486355739,18.19038451338526,178.55914377201648
1742.0,0.0001391431183381911,197.39569797714452,18.098391459970408,177.65612817943006
1743.0,0.00013843797813225782,196.3953492370535,18.00667363997642,176.7558143133481
1744.0,0.00013773495441697628,195.3980030611888,17.91523111262208,175.8582027550699
1745.0,0.00013703404761848288,194.40366005408976,17.824063933335093,174.96329404868078
1746.0,0.00013633525813379582,193.4123207789872,17.73317215375575,174.07108870108848
1747.0,0.00013563858633084465,192.4239857578452,17.642555821740768,173.18158718206067
1748.0,0.00013494403254850086,191.43865547140453,17.552214981367268,172.29478992426405
1749.0,0.00013425159709660783,190.4563303592252,17.462149672936693,171.41069732330268
1750.0,0.00013356128025601222,189.477010819731,17.37235993297885,170.52930973775787
1751.0,0.00013287308227859446,188.5006972102526,17.282845794255916,169.65062748922733
1752.0,0.0001321870033873019,187.5273898470748,17.193607285766724,168.77465086236728
1753.0,0.00013150304377618005,186.5570890054807,17.10464443275084,167.90138010493263
1754.0,0.00013082120361040562,185.58979491979863,17.01595725669285,167.03081542781874
1755.0,0.00013014148302632005,184.62550778344962,16.927545775326735,166.16295700510463
1756.0,0.00012946388213146278,183.6642277489948,16.83941000264018,165.2978049740953
1757.0,0.00012878840100460538,182.7059549281836,16.75154994887903,164.43535943536523
1758.0,0.0001281150396957864,181.75068939200332,16.66396562055182,163.57562045280298
1759.0,0.0001274437982263461,180.79843117072843,16.576657020434286,162.71858805365557
1760.0,0.00012677467658896234,179.84918025397124,16.489624147574027,161.86426222857412
1761.0,0.00012610767474768573,178.9029365907322,16.4028669972951,161.01264293165895
1762.0,0.00012544279263797676,177.9597000894521,16.316385561202825,160.16373008050687
1763.0,0.00012478003016674267,177.0194706180647,16.2301798271886,159.3175235562582
1764.0,0.00012411938721237383,176.08224800404824,16.14424977943462,158.4740232036434
1765.0,0.00012346086362478268,175.14803203448068,16.05859539841894,157.6332288310326
1766.0,0.00012280445922544116,174.21682245609276,15.973216660920368,156.79514021048345
1767.0,0.00012215017380741926,173.28861897532275,15.88811354002344,155.95975707779047
1768.0,0.00012149800713542491,172.36342125837305,15.80328600512364,155.12707913253573
1769.0,0.00012084795894584301,171.4412289312655,15.718734021932466,154.29710603813893
1770.0,0.00012020002894677497,170.5220415798975,15.634457552482571,153.46983742190773
1771.0,0.00011955421681808019,169.60585875010088,15.550456555133161,152.64527287509077
1772.0,0.00011891052221141636,168.692679947699,15.46673098457524,151.8234119529291
1773.0,0.00011826894475028102,167.78250463856585,15.383280791837002,151.00425417470925
1774.0,0.00011762948403005284,166.87533224868443,15.30010592428922,150.18779902381596
1775.0,0.00011699213961803486,165.97116216420824,15.21720632565086,149.3740459477874
1776.0,0.00011635691105349664,165.069993731521,15.134581935994555,148.56299435836888
1777.0,0.00011572379784771697,164.1718262572973,15.052232691752183,147.75464363156755
1778.0,0.00011509279948402856,163.27665900856587,14.97015852572065,146.94899310770927
1779.0,0.00011446391541786151,162.38449121277142,14.888359367067578,146.14604209149428
1780.0,0.00011383714507678743,161.49532205783714,14.80683514133701,145.3457898520534
1781.0,0.00011321248786056523,160.60915069222963,14.725585770455389,144.54823562300666
1782.0,0.0001125899431411862,159.72597622502295,14.644611172737418,143.75337860252063
1783.0,0.00011196951026291944,158.84579772596297,14.56391126289196,142.96121795336666
1784.0,0.0001113511885423589,157.96861422553414,14.483485952028163,142.1717528029807
1785.0,0.00011073497726846986,157.09442471502547,14.403335147661506,141.3849822435229
1786.0,0.00011012087570263603,156.22322814659728,14.323458753719924,140.60090533193755
1787.0,0.00010950888307870692,155.35502343334852,14.24385667054997,139.81952109001364
1788.0,0.00010889899860304676,154.48980944938594,14.164528794923175,139.04082850444732
1789.0,0.00010829122145458261,153.6275850298926,14.085475020042313,138.26482652690333
1790.0,0.00010768555078485288,152.76834897119656,14.0066952355477,137.4915140740769
1791.0,0.00010708198571805766,151.91210003084228,13.928189327523754,136.72089002775806
1792.0,0.00010648052535110823,151.05883692766096,13.849957178505425,135.95295323489486
1793.0,0.00010588116875367694,150.20855834184115,13.77199866748469,135.187702507657
1794.0,0.0001052839149682488,149.36126291500207,13.694313669917255,134.42513662350186
1795.0,0.0001046887630101722,148.51694925026547,13.61690205772916,133.66525432523892
1796.0,0.00010409571186771085,147.67561591232942,13.539763699323533,132.90805432109647
1797.0,0.00010350476050209529,146.83726142754128,13.462898459587281,132.15353528478713
1798.0,0.00010291590784757638,146.00188428397362,13.386306199898067,131.40169585557626
1799.0,0.00010232915281147776,145.1694829314987,13.30998677813111,130.65253463834878
1800.0,0.00010174449427424903,144.34005578186375,13.233940048666122,129.90605020367735
1801.0,0.00010116193108952024,143.51360120876853,13.158165862394384,129.16224108789166
1802.0,0.00010058146208415599,142.69011754794184,13.082664066725783,128.42110579314763
1803.0,0.00010000308605830985,141.86960309721883,13.007434505595901,127.68264278749695
1804.0,9.942680178548011e-05,141.05205611662012,12.932477019473254,126.94685050495809
1805.0,9.885260801256523e-05,140.23747482843038,12.857791445366505,126.21372734558732
1806.0,9.828050345991956e-05,139.4258574172774,12.783377616831727,125.48327167554964
1807.0,9.77104868214104e-05,138.61720203021312,12.709235363979804,124.75548182719179
1808.0,9.71425567644748e-05,137.8115067767941,12.635364513483832,124.03035609911467
1809.0,9.657671193017694e-05,137.00876972916296,12.56176488858658,123.30789275624666
1810.0,9.601295093326552e-05,136.20898892212986,12.488436309107954,122.58809002991687
1811.0,9.545127236223299e-05,135.41216235325643,12.415378591452697,121.87094611793079
1812.0,9.489167477937357e-05,134.6182879829381,12.342591548617944,121.15645918464429
1813.0,9.433415672084229e-05,133.82736373448796,12.270074990200895,120.44462736103915
1814.0,9.377871669671514e-05,133.03938749422193,12.19782872240664,119.73544874479973
1815.0,9.322535319104887e-05,132.25435711154367,12.12585254805594,119.02892140038931
1816.0,9.267406466194096e-05,131.47227039902978,12.054146266593024,118.3250433591268
1817.0,9.212484954159132e-05,130.69312513251708,11.982709674093615,117.62381261926535
1818.0,9.157770623636305e-05,129.91691905118898,11.911542563272832,116.92522714607009
1819.0,9.10326331268445e-05,129.14364985766358,11.840644723493266,116.22928487189719
1820.0,9.048962856791093e-05,128.37331521808088,11.770015940773002,115.53598369627277
1821.0,8.994869088878791e-05,127.605912762193,11.699655997793851,114.84532148597368
1822.0,8.940981839311388e-05,126.8414400834528,11.629564673909508,114.15729607510751
1823.0,8.887300935900344e-05,126.0798947391037,11.559741745153765,113.47190526519331
1824.0,8.833826203911184e-05,125.32127425027109,11.490186984248915,112.78914682524398
1825.0,8.780557466069905e-05,124.56557610205338,11.420900160614073,112.10901849184803
1826.0,8.727494542569405e-05,123.81279774361307,11.351881040373549,111.43151796925176
1827.0,8.674637251076087e-05,123.06293658827047,11.283129386365427,110.75664292944342
1828.0,8.621985406736374e-05,122.31599001359615,11.214644958150052,110.08439101223652
1829.0,8.56953882218329e-05,121.57195536150427,11.146427512018573,109.41475982535383
1830.0,8.517297307543164e-05,120.83082993834776,11.07847680100168,108.74774694451297
1831.0,8.465260670442279e-05,120.09261101501252,11.010792574878241,108.08334991351126
1832.0,8.413428716013632e-05,119.35729582701346,10.943374580184104,107.4215662443121
1833.0,8.361801246903654e-05,118.62488157458972,10.876222560220825,106.76239341713074
1834.0,8.310378063279101e-05,117.89536542280247,10.809336255064643,106.10582888052221
1835.0,8.25915896283388e-05,117.16874450163178,10.742715401575353,105.45187005146859
1836.0,8.208143740795898e-05,116.44501590607373,10.676359733405215,104.80051431546634
1837.0,8.157332189934103e-05,115.72417669624038,10.610268981008117,104.15175902661633
1838.0,8.106724100565409e-05,115.00622389745786,10.544442871648572,103.50560150771206
1839.0,8.056319260561704e-05,114.29115450036596,10.478881129410842,102.86203905032936
1840.0,8.00611745535698e-05,113.5789654610192,10.413583475208215,102.22106891491727
1841.0,7.956118467954398e-05,112.86965370098699,10.348549626792176,101.58268833088827
1842.0,7.906322078933461e-05,112.16321610745554,10.283779298761766,100.94689449670997
1843.0,7.856728066457171e-05,111.4596495333293,10.219272202572864,100.31368457999635
1844.0,7.807336206279325e-05,110.75895079733442,10.155028046547692,99.68305571760096
1845.0,7.758146271751756e-05,110.06111668412161,10.091046535884226,99.05500501570945
1846.0,7.70915803383162e-05,109.36614394436944,10.027327372665688,98.42952954993248
1847.0,7.660371261088828e-05,108.67402929488968,9.963870255870187,97.80662636540069
1848.0,7.611785719713401e-05,107.98476941873183,9.900674881380315,97.18629247685863
1849.0,7.56340117352289e-05,107.29836096528827,9.837740941992775,96.56852486875943
1850.0,7.515217383969917e-05,106.61480055040123,9.775068127428206,95.9533204953611
1851.0,7.467234110149662e-05,105.93408475646908,9.71265612434091,95.34067628082217
1852.0,7.41945110880741e-05,105.25621013255332,9.650504616328673,94.73058911929797
1853.0,7.371868134346207e-05,104.58117319448723,9.588613283942724,94.1230558750385
1854.0,7.324484938834464e-05,103.90897042498379,9.526981804697629,93.5180733824854
1855.0,7.277301272013674e-05,103.23959827374499,9.465609853081311,92.91563844637048
1856.0,7.230316881306086e-05,102.57305315757093,9.404497100565061,92.31574784181382
1857.0,7.183531511822536e-05,101.90933146047071,9.343643215613696,91.71839831442362
1858.0,7.136944906370236e-05,101.24842953377309,9.283047863695707,91.12358658039577
1859.0,7.09055680546057e-05,100.59034369623696,9.222710707293391,90.53130932661325
1860.0,7.044366947317067e-05,99.93507023416453,9.162631405913226,89.94156321074806
1861.0,6.99837506788327e-05,99.28260540151292,9.102809616096105,89.35434486136162
1862.0,6.952580900830706e-05,98.63294542000727,9.043244991427699,88.76965087800653
1863.0,6.906984177566924e-05,97.98608647925471,8.98393718254892,88.18747783132923
1864.0,6.86158462724353e-05,97.34202473685842,8.924885837166366,87.60782226317257
1865.0,6.816381976764242e-05,96.70075631853184,8.866090600062797,87.03068068667865
1866.0,6.771375950793072e-05,96.06227731821478,8.807551113107785,86.45604958639329
1867.0,6.726566271762455e-05,95.42658379818874,8.749267015268279,85.88392541836987
1868.0,6.68195265988147e-05,94.79367178919352,8.691237942619297,85.31430461027416
1869.0,6.63753483314405e-05,94.1635372905437,8.633463528354621,84.74718356148932
1870.0,6.593312507337327e-05,93.53617627024703,8.575943402797627,84.18255864322232
1871.0,6.549285396049915e-05,92.91158466512194,8.518677193412081,83.62042619860974
1872.0,6.505453210680253e-05,92.28975838091588,8.461664524812976,83.06078254282428
1873.0,6.461815660445058e-05,91.6706932924253,8.404905018777535,82.50362396318276
1874.0,6.418372452387737e-05,91.05438524361485,8.348398294256144,81.94894671925334
1875.0,6.375123291386839e-05,90.44083004773744,8.292143967383359,81.39674704296368
1876.0,6.332067880164618e-05,89.83002348745565,8.236141651489028,80.84702113871008
1877.0,6.289205919295568e-05,89.22196131496278,8.180390957109406,80.29976518346649
1878.0,6.24653710721501e-05,88.61663925210476,8.124891491998318,79.75497532689427
1879.0,6.204061140227719e-05,88.01405299050239,8.069642861138377,79.21264769145215
1880.0,6.161777712516613e-05,87.4141981916748,8.014644666752295,78.67277837250731
1881.0,6.119686516151456e-05,86.81707048716277,7.959896508314191,78.13536343844648
1882.0,6.0777872410975713e-05,86.22266547865233,7.905397982560939,77.6003989307871
1883.0,6.036079575224676e-05,85.63097873810025,7.851148683503644,77.06788086429022
1884.0,5.994563204315675e-05,85.04200580785862,7.797148202439091,76.53780522707275
1885.0,5.9532378120754886e-05,84.45574220080017,7.7433961279612245,76.01016798072014
1886.0,5.912103080140011e-05,83.87218340044535,7.689892045972796,75.48496506040081
1887.0,5.871158688085005e-05,83.29132486108851,7.63663553969694,74.96219237497965
1888.0,5.830404313435055e-05,82.71316200792491,7.583626189688817,74.44184580713241
1889.0,5.7898396316726195e-05,82.13769023717914,7.530863573847386,73.92392121346121
1890.0,5.749464316247042e-05,81.56490491623296,7.478347267427126,73.40841442460966
1891.0,5.7092780385836486e-05,80.99480138375438,7.426076843049873,72.89532124537894
1892.0,5.669280468092834e-05,80.4273749498265,7.374051870716633,72.38463745484385
1893.0,5.6294712721792595e-05,79.86262089607808,7.322271917819546,71.87635880647026
1894.0,5.5898501162510226e-05,79.30053447581356,7.270736549153819,71.3704810282322
1895.0,5.550416663728858e-05,78.74111091414363,7.219445326929686,70.86699982272926
1896.0,5.5111705760554525e-05,78.18434540811732,7.168397810784531,70.36591086730559
1897.0,5.4721115127047056e-05,77.63023312685347,7.117593557794925,69.86720981416812
1898.0,5.4332391311910576e-05,77.07876921167296,7.06703212248877,69.37089229050565
1899.0,5.3945530870788965e-05,76.52994877623223,7.016713056857523,68.876953898609
1900.0,5.356053033991936e-05,75.98376690665631,6.966635910368404,68.38539021599068
1901.0,5.317738623622671e-05,75.44021866167294,6.916800229976686,67.89619679550565
1902.0,5.279609505741824e-05,74.89929907274659,6.8672055601379896,67.40936916547192
1903.0,5.2416653282079014e-05,74.36100314421401,6.817851442820708,66.9249028297926
1904.0,5.203905736976722e-05,73.8253258534195,6.768737417518404,66.44279326807754
1905.0,5.166330376110973e-05,73.29226215085032,6.719863021262234,65.96303593576528
1906.0,5.12893888778987e-05,72.76180696027389,6.671227788633521,65.48562626424649
1907.0,5.091730912318792e-05,72.23395517887437,6.622831251776282,65.01055966098693
1908.0,5.054706088138938e-05,71.70870167738968,6.574672940409787,64.5378315096507
1909.0,5.017864051837102e-05,71.1860413002502,6.526752381841275,64.06743717022518
1910.0,4.981204438155395e-05,70.66596886571666,6.4790691009786014,63.599371979145
1911.0,4.944726880001017e-05,70.14847916601882,6.431622620342947,63.13363124941693
1912.0,4.908431008456124e-05,69.63356696749534,6.384412460081648,62.670210270745805
1913.0,4.872316452787654e-05,69.12122701073334,6.337438137980986,62.20910430965999
1914.0,4.836382840457236e-05,68.61145401070878,6.29069916947907,61.750308609637905
1915.0,4.80062979713108e-05,68.10424265692697,6.244195067678697,61.293818391234275
1916.0,4.7650569466899817e-05,67.59958761356434,6.1979253433603745,60.8396288522079
1917.0,4.729663911239289e-05,67.0974835196099,6.151889504995277,60.387735167648906
1918.0,4.6944503111189025e-05,66.59792498900711,6.106087058758259,59.93813249010639
1919.0,4.659415764913387e-05,66.1009066107973,6.060517508540999,59.490815949717565
1920.0,4.624559889462025e-05,65.60642294926235,6.015180355965084,59.04578065433611
1921.0,4.5898822998689225e-05,65.11446854406798,5.9700751003951495,58.603021689661176
1922.0,4.5553826095132136e-05,64.62503791040858,5.925201238952157,58.16253411936772
1923.0,4.5210604300592194e-05,64.13812553915132,5.880558266526604,57.724312985236175
1924.0,4.486915371466645e-05,63.653725896980745,5.836145675791786,57.28835330728266
1925.0,4.4529470420008794e-05,63.171833426545,5.7919629572172,56.85465008389049
1926.0,4.4191550482432496e-05,62.69244254660122,5.748009599081873,56.42319829194109
1927.0,4.385538995101343e-05,62.21554765216201,5.704285087487798,55.9939928869458
1928.0,4.352098485819336e-05,61.74114311464194,5.660788906373362,55.56702880317774
1929.0,4.318833121988406e-05,61.26922328200529,5.61752053752689,55.14230095380476
1930.0,4.2857425035571287e-05,60.79978247891352,5.5744794606001715,54.71980423102217
1931.0,4.252826228841889e-05,60.332815006873,5.531665153121997,54.29953350618569
1932.0,4.220083894537398e-05,59.86831514438414,5.489077090511843,53.88148362994572
1933.0,4.187515095727177e-05,59.40627714709022,5.446714746093505,53.4656494323812
1934.0,4.155119425894067e-05,58.94669524792643,5.404577591108769,53.05202572313378
1935.0,4.1228964769308326e-05,58.48956365727027,5.362665094731203,52.64060729154323
1936.0,4.0908458391507297e-05,58.03487656309153,5.3209767240799035,52.23138890678237
1937.0,4.0589671012981453e-05,57.582628131103206,5.279511944233333,51.82436531799288
1938.0,4.027259850559221e-05,57.132812504912195,5.238270218243138,51.41953125442097
1939.0,3.995723672572575e-05,56.685423806171436,5.1972510071480995,51.01688142555429
1940.0,3.964358151440005e-05,56.24045613473172,5.1564537699880475,50.616410521258544
1941.0,3.933162869737195e-05,55.7979035687936,5.115877963817794,50.218113211914236
1942.0,3.902137408524544e-05,55.35776016506099,5.075523043721213,49.82198414855488
1943.0,3.871281347357933e-05,54.92001995889394,5.035388462825247,49.428017963004535
1944.0,3.840594264299547e-05,54.48467696446213,4.995473672313983,49.03620926801592
1945.0,3.810075735928763e-05,54.051725174899374,4.9557781214428145,48.64655265740944
1946.0,3.779725337353026e-05,53.62115856245788,4.91630125755259,48.259042706212085
1947.0,3.749542642218735e-05,53.19297107866269,4.877042526083769,47.87367397079641
1948.0,3.719527222722237e-05,52.76715665446764,4.838001370590724,47.49044098902087
1949.0,3.689678649620766e-05,52.34370920041058,4.7991772327559685,47.10933828036952
1950.0,3.659996492243459e-05,51.92262260676962,4.760569552404485,46.73036034609266
1951.0,3.630480318502352e-05,51.50389074371914,4.722177767518029,46.35350166934722
1952.0,3.601129694903482e-05,51.08750746148726,4.684001314249567,45.978756715338534
1953.0,3.57194418655794e-05,50.67346659051271,4.646039626937657,45.60611993146143
1954.0,3.54292335719297e-05,50.261761941602195,4.60829213812088,45.23558574744197
1955.0,3.514066769163138e-05,49.852387306088936,4.570758278552373,44.86714857548004
1956.0,3.485373983461479e-05,49.44533645599073,4.533437477214321,44.50080281039165
1957.0,3.4568445597306624e-05,49.040603144168394,4.496329161332487,44.13654282975155
1958.0,3.4284780562742526e-05,48.63818110448552,4.459432756390857,43.77436299403696
1959.0,3.400274030067918e-05,48.23806405196744,4.422747686146216,43.41425764677069
1960.0,3.3722320367707196e-05,47.84024568296144,4.386273372642831,43.056221114665284
1961.0,3.3443516307363736e-05,47.44471967529647,4.350009236227109,42.70024770776681
1962.0,3.316632365024609e-05,47.05147968844432,4.313954695562359,42.34633171959988
1963.0,3.2890737914124965e-05,46.66051936368032,4.278109167643532,41.99446742731228
1964.0,3.2616754604057965e-05,46.27183232424432,4.242472067811984,41.644649091819886
1965.0,3.2344369212503934e-05,45.88541217550293,4.2070428097703445,41.29687095795263
1966.0,3.207357721943695e-05,45.50125250511118,4.171820805597346,40.95112725460006
1967.0,3.180437409246058e-05,45.11934688317468,4.136805465762682,40.607412194857204
1968.0,3.153675528692294e-05,44.73968886241281,4.101996199141981,40.26571997617153
1969.0,3.127071624603146e-05,44.36227197832154,4.067392413031723,39.926044780489384
1970.0,3.100625240096784e-05,43.987089749336484,4.032993513164199,39.588380774402836
1971.0,3.074335917100381e-05,43.61413567699721,3.998798903722569,39.25272210929748
1972.0,3.048203196361659e-05,43.2434032461109,3.9648079873558726,38.9190629214998
1973.0,3.0222266174604787e-05,42.87488592491691,3.931020165194112,38.58739733242521
1974.0,2.9964057188204367e-05,42.5085771652512,3.89743483686333,38.25771944872608
1975.0,2.9707400377205275e-05,42.14447040271181,3.864051400500784,37.93002336244063
1976.0,2.9452291103067848e-05,41.78255905682401,3.8308692527700843,37.60430315114161
1977.0,2.9198724716039425e-05,41.422836531205725,3.7978877888763636,37.280552878085146
1978.0,2.8946696555271704e-05,41.065296213734015,3.7651064025815404,36.95876659236061
1979.0,2.869620194893779e-05,40.70993147671115,3.7325244862195435,36.63893832904003
1980.0,2.8447236214349523e-05,40.356735677031025,3.7001414307115743,36.32106210932792
1981.0,2.8199794658075422e-05,40.00570215634651,3.667956625581447,36.005131940711856
1982.0,2.795387257605844e-05,39.65682424123649,3.6359694589709033,35.69114181711284
1983.0,2.770946525373388e-05,39.31009524337315,3.6041793176549533,35.37908571903583
1984.0,2.7466567966148015e-05,38.96550845969025,3.5725855870573016,35.06895761372122
1985.0,2.7225175978076435e-05,38.623057172551015,3.541187651265741,34.76075145529591
1986.0,2.6985284544142802e-05,38.282734649916634,3.509984893047602,34.454461184924966
1987.0,2.674688890893762e-05,37.944534145514716,3.4789766938651963,34.15008073096324
1988.0,2.6509984307137635e-05,37.60844889900871,3.448162433891351,33.84760400910783
1989.0,2.627456596362502e-05,37.274472136166956,3.41754149202491,33.54702492255026
1990.0,2.604062909360675e-05,36.94259706903207,3.3871132459062605,33.24833736212886
1991.0,2.5808168902734587e-05,36.612816896091125,3.35687707193294,32.951535206482006
1992.0,2.557718058722486e-05,36.28512480244561,3.326832345275217,32.65661232220105
1993.0,2.5347659333978416e-05,35.95951395998158,3.2969784398916904,32.363562563983415
1994.0,2.5119600320701188e-05,35.6359775275407,3.2673147285449757,32.072379774786626
1995.0,2.4892998716024464e-05,35.314508651090875,3.237840582817345,31.783057785981786
1996.0,2.4667849679625652e-05,34.99510046389757,3.2085553731264365,31.495590417507813
1997.0,2.4444148362348907e-05,34.67774608669494,3.1794584687409446,31.20997147802544
1998.0,2.4221889906326415e-05,34.362438627857856,3.150549237796394,30.926194765072065
1999.0,2.400106944509948e-05,34.049171183573755,3.121827047310892,30.644254065216373
2000.0,2.3781682103739697e-05,33.73793683801447,3.0932912632008867,30.364143154213018
2001.0,2.356372299897079e-05,33.42872866350913,3.064941250297017,30.085855797158217
2002.0,2.3347187239290155e-05,33.12153972071657,3.03677637235992,29.809385748644907
2003.0,2.3132069925090598e-05,32.81636305879799,3.008795992096066,29.53472675291819
2004.0,2.2918366148782653e-05,32.51319171559057,2.9809994711736687,29.26187254403151
2005.0,2.2706070994916606e-05,32.21201871778051,2.9533861702385567,28.990816846002453
2006.0,2.2495179540304726e-05,31.912837081076443,2.9259554489300723,28.721553372968796
2007.0,2.228568685414404e-05,31.615639810383644,2.8987066658970404,28.45407582934528
2008.0,2.207758799813882e-05,31.32041989997776,2.8716391788137012,28.18837790997998
2009.0,2.187087802662346e-05,31.027170333679155,2.844752344395693,27.92445330031124
2010.0,2.1665551986685286e-05,30.735884085027113,2.8180455184160236,27.6622956765244
2011.0,2.1461604918287933e-05,30.446554117454884,2.791518055721122,27.401898705709392
2012.0,2.1259031854394432e-05,30.15917338446429,2.7651693102468453,27.143256046017857
2013.0,2.105782782109048e-05,29.87373482980061,2.7389986350345135,26.88636134682055
2014.0,2.0857987837708263e-05,29.59023138762825,2.7130053822470157,26.63120824886542
2015.0,2.0659506916949965e-05,29.30865598270593,2.6871889031848735,26.377790384435333
2016.0,2.0462380065011437e-05,29.029001530562155,2.661548548302329,26.126101377505936
2017.0,2.02666022817064e-05,28.75126093767141,2.6360836672234975,25.876134843904268
2018.0,2.0072168560590338e-05,28.475427101629922,2.6107936087584838,25.627884391466925
2019.0,1.9879073889084762e-05,28.201492911331925,2.585677720919544,25.38134362019873
2020.0,1.9687313248601333e-05,27.929451247145785,2.5607353509372324,25.136506122431204
2021.0,1.9496881614666603e-05,27.65929498109093,2.535965845276624,24.893365482981835
2022.0,1.9307773957046364e-05,27.39101697701429,2.5113685496534903,24.651915279312856
2023.0,1.9119985239870226e-05,27.124610090766993,2.486942809050503,24.41214908169029
2024.0,1.8933510421756652e-05,26.860067170381786,2.462687967733497,24.174060453343603
2025.0,1.874834445593771e-05,26.597381056249972,2.438603369267696,23.93764295062497
2026.0,1.856448229038391e-05,26.336544581298554,2.4146883565339534,23.702890123168697
2027.0,1.8381918867929623e-05,26.077550571168132,2.3909422717450606,23.469795514051317
2028.0,1.8200649126398075e-05,25.820391844390226,2.3673644564620093,23.238352659951204
2029.0,1.8020667998726585e-05,25.565061212564967,2.3439542516102794,23.008555091308466
2030.0,1.784197041309218e-05,25.311551480539272,2.3207109974961777,22.780396332485342
2031.0,1.7664551293036916e-05,25.059855446584667,2.2976340338231402,22.553869901926195
2032.0,1.748840555759356e-05,24.809965902575538,2.2747226997080756,22.32896931231798
2033.0,1.731352812141107e-05,24.56187563416719,2.2519763336976912,22.105688070750467
2034.0,1.7139913894880623e-05,24.315577420974613,2.229394273784883,21.88401967887715
2035.0,1.6967557784261283e-05,24.071064036750766,2.206975857425081,21.663957633075686
2036.0,1.679645469180585e-05,23.828328249565107,2.1847204215526195,21.445495424608595
2037.0,1.6626599515887055e-05,23.58736282198263,2.162627302597151,21.228626539784365
2038.0,1.6457987151123504e-05,23.348160511242533,2.1406958365000275,21.01334446011828
2039.0,1.6290612488505726e-05,23.110714069437034,2.118925358730696,20.799642662493326
2040.0,1.612447041552259e-05,22.875016243690702,2.097315204303142,20.58751461932163
2041.0,1.5959555816287422e-05,22.641059776339404,2.0758647077922916,20.37695379870546
2042.0,1.579586357166442e-05,22.408837405109608,2.0545732033504573,20.167953664598645
2043.0,1.5633388559394882e-05,22.17834186329748,2.033440024723753,19.96050767696773
2044.0,1.5472125654223937e-05,21.94956587994866,2.0124645052685826,19.75460929195379
2045.0,1.531206972802674e-05,21.722502180037296,1.9916459779680487,19.550251962033567
2046.0,1.5153215649935264e-05,21.49714348464592,1.9709837754484496,19.347429136181326
2047.0,1.4995558286464785e-05,21.27348251114487,1.950477229995728,19.146134260030383
2048.0,1.4839092501640543e-05,21.051511973371998,1.9301256735719463,18.946360776034794
2049.0,1.4683813157124431e-05,20.83122458181238,1.9099284378317662,18.74810212363114
2050.0,1.4529715112341797e-05,20.612613043778218,1.8898848541389415,18.551351739400392
2051.0,1.4376793224607905e-05,20.395670063588238,1.8699942535827658,18.35610305722941
2052.0,1.4225042349255183e-05,20.18038834274821,1.8502559669946255,18.162349508473387
2053.0,1.4074457339759726e-05,19.966760580130416,1.8306693249644526,17.970084522117375
2054.0,1.3925033047868237e-05,19.754779472153732,1.8112336578572366,17.779301524938354
2055.0,1.3776764323724901e-05,19.544437712963607,1.791948295829527,17.589993941667245
2056.0,1.3629646015998333e-05,19.33572799461219,1.7728125688459453,17.402155195150968
2057.0,1.3483672972008235e-05,19.12864300723797,1.7538258066956598,17.21577870651417
2058.0,1.333884003785269e-05,18.923175439246396,1.7349873390089419,17.030857895321756
2059.0,1.319514205853488e-05,18.719317977489634,1.7162964952736492,16.847386179740667
2060.0,1.3052573878090046e-05,18.517063307446673,1.697752604851739,16.665356976702004
2061.0,1.2911130339712463e-05,18.316404113403465,1.6793549969957835,16.484763702063116
2062.0,1.2770806285882378e-05,18.117333078633006,1.6611030008654815,16.305599770769703
2063.0,1.2631596558493024e-05,17.919842885575523,1.642995945544178,16.12785859701797
2064.0,1.2493495998977312e-05,17.723926216018207,1.6250331600553445,15.951533594416384
2065.0,1.2356499448435134e-05,17.529575751275807,1.6072139733791364,15.776618176148224
2066.0,1.2220601747760048e-05,17.336784172370358,1.5895377144688707,15.603105755133319
2067.0,1.2085797737766236e-05,17.145544160211287,1.5720037122675408,15.430989744190157
2068.0,1.1952082259315399e-05,16.95584839577544,1.5546112957243199,15.260263556197893
2069.0,1.1819450153443687e-05,16.767689560287135,1.5373597938110726,15.090920604258422
2070.0,1.16878962614883e-05,16.581060335397787,1.520248535538821,14.922954301858008
2071.0,1.1557415425214675e-05,16.39595340336632,1.5032768499742881,14.756358063029689
2072.0,1.142800248694302e-05,16.212361447238695,1.486444066256356,14.591125302514824
2073.0,1.1299652289675136e-05,16.030277151027803,1.469749513612562,14.427249435925022
2074.0,1.1172359677221116e-05,15.849693199893236,1.4531925213755783,14.264723879903912
2075.0,1.1046119494326047e-05,15.670602280321004,1.4367724189996915,14.103542052288903
2076.0,1.0920926586796664e-05,15.492997080303233,1.4204885360772779,13.94369737227291
2077.0,1.0796775801627724e-05,15.316870289517441,1.4043402023552396,13.785183260565695
2078.0,1.0673661987128867e-05,15.142214599506502,1.3883267477515064,13.62799313955585
2079.0,1.0551579993050877e-05,14.969022703857775,1.3724475023714582,13.472120433471995
2080.0,1.043052467071215e-05,14.797287298382516,1.356701796524374,13.317558568544262
2081.0,1.031049087312504e-05,14.627001081295116,1.3410889607398673,13.164300973165602
2082.0,1.0191473455122227e-05,14.45815675339238,1.3256083257843214,13.01234107805314
2083.0,1.0073467273482708e-05,14.290747018232253,1.3102592226772782,12.861672316409027
2084.0,9.956467187058272e-06,14.12476458231326,1.2950409827078884,12.712288124081933
2085.0,9.840468056899385e-06,13.960202155253077,1.2799529374512848,12.564181939727767
2086.0,9.72546474638121e-06,13.797052449967316,1.2649944187849744,12.417347204970584
2087.0,9.611452121329546e-06,13.635308182848197,1.2501647589052196,12.271777364563377
2088.0,9.49842505014665e-06,13.47496207394303,1.2354632903434033,12.127465866548725
2089.0,9.386378403937023e-06,13.316006847132673,1.2208893459823904,11.984406162419404
2090.0,9.275307056632874e-06,13.158435230309518,1.2064422590728463,11.842591707278565
2091.0,9.165205885119965e-06,13.002239955556023,1.1921213632496066,11.702015960000418
2092.0,9.056069769362853e-06,12.84741375932238,1.177925992547966,11.562672383390142
2093.0,8.947893592530304e-06,12.69394938260445,1.1638554814199926,11.424554444344002
2094.0,8.840672241120527e-06,12.5418395711214,1.1499091647508155,11.28765561400926
2095.0,8.73440060508631e-06,12.391077075493259,1.1360863778749024,11.151969367943932
2096.0,8.629073577960073e-06,12.241654651418303,1.1223864565923252,11.017489186276471
2097.0,8.524686056978593e-06,12.093565059849999,1.108808737184982,10.884208553864998
2098.0,8.421232943208052e-06,11.946801067174409,1.0953525564328634,10.752120960456967
2099.0,8.318709141668503e-06,11.801355445386768,1.0820172516302415,10.621219900848091
2100.0,8.21710956145845e-06,11.65722097226821,1.0688021606018734,10.491498875041387
2101.0,8.116429115879215e-06,11.514390431562209,1.0557066217191782,10.362951388405987
2102.0,8.016662722559259e-06,11.37285661315094,1.0427299739164075,10.235570951835845
2103.0,7.917805303578098e-06,11.232612313231085,1.0298715567067633,10.109351081907976
2104.0,7.819851785590557e-06,11.09365033449009,1.0171307101985592,9.98428530104108
2105.0,7.722797099950393e-06,10.955963486281556,1.0045067751113006,9.8603671376534
2106.0,7.6266361828340294e-06,10.819544584800772,0.9919990927917789,9.737590126320693
2107.0,7.531363975364057e-06,10.684386453259913,0.9796070052301348,9.615947807933921
2108.0,7.436975423732585e-06,10.550481922063042,0.967329855075903,9.495433729856737
2109.0,7.343465479324492e-06,10.417823828980957,0.9551669856540438,9.37604144608286
2110.0,7.250829098840266e-06,10.286405019325452,0.9431177409809199,9.257764517392905
2111.0,7.159061244419119e-06,10.156218346123982,0.9311814657803114,9.140596511511584
2112.0,7.0681568837615e-06,10.027256670293468,0.9193575054993497,9.024531003264121
2113.0,6.9781109902516344e-06,9.899512860814125,0.9076452063244572,8.909561574732711
2114.0,6.8889185430798424e-06,9.772979794903003,0.896043915197257,8.795681815412701
2115.0,6.800574527364715e-06,9.647650358187303,0.8845529798304642,8.682885322368572
2116.0,6.713073934274898e-06,9.523517444877154,0.8731717487237266,8.571165700389436
2117.0,6.626411761151073e-06,9.400573957938654,0.8618995711794908,8.460516562144788
2118.0,6.540583011627353e-06,9.278812809266093,0.8507357973187919,8.350931528339483
2119.0,6.4555826957526736e-06,9.158226919854163,0.8396797780970432,8.242404227868747
2120.0,6.371405830111926e-06,9.038809219969806,0.8287308653197921,8.134928297972825
2121.0,6.288047437946902e-06,8.920552649323788,0.817888411658451,8.02849738439141
2122.0,6.20550254927703e-06,8.803450157241988,0.807151770666002,7.923105141517788
2123.0,6.123766201019749e-06,8.68749470283616,0.7965202967926532,7.818745232552542
2124.0,6.0428334371109885e-06,8.572679255174855,0.7859933454015109,7.715411329657369
2125.0,5.9626993086250884e-06,8.45899679345355,0.775570272784176,7.613097114108195
2126.0,5.883358873894646e-06,8.346440307164663,0.7652504361763338,7.511796276448195
2127.0,5.804807198630106e-06,8.235002796267208,0.7550331937733087,7.411502516640486
2128.0,5.727039356039146e-06,8.124677271356173,0.7449179047455923,7.312209544220555
2129.0,5.6500504269456385e-06,8.015456753831272,0.7349039292543174,7.2139110784481435
2130.0,5.573835499908722e-06,7.907334276065874,0.7249906284667456,7.116600848459286
2131.0,5.498389671341267e-06,7.80030288157506,0.7151773645716756,7.020272593417554
2132.0,5.4237080456282694e-06,7.69435562518359,0.7054635007948433,6.9249200626652305
2133.0,5.349785735244936e-06,7.589485573193415,0.6958484014142814,6.830537015874073
2134.0,5.276617860874517e-06,7.4856858035508465,0.6863314317756448,6.737117223195761
2135.0,5.204199551525906e-06,7.382949406013389,0.676911958307508,6.644654465412049
2136.0,5.132525944650791e-06,7.281269482315937,0.6675893485366028,6.553142534084343
2137.0,5.0615921862608745e-06,7.180639146337068,0.6583629711030643,6.462575231703361
2138.0,4.991393431044471e-06,7.0810515242644545,0.6492321957755977,6.372946371838008
2139.0,4.921924842482986e-06,6.982499754760109,0.6401963934666287,6.284249779284098
2140.0,4.853181592967083e-06,6.884976989125178,0.6312549362474127,6.19647929021266
2141.0,4.785158863912544e-06,6.788476391464322,0.6224071973631058,6.109628752317889
2142.0,4.717851845875876e-06,6.6929911388497,0.6136525512478005,6.023692024964729
2143.0,4.651255738669447e-06,6.598514421484328,0.6049903735395028,5.938662979335895
2144.0,4.58536575147664e-06,6.50503944286543,0.5964200410951095,5.854535498578886
2145.0,4.520177102966371e-06,6.412559419946902,0.5879409320053037,5.771303477952212
2146.0,4.455685021407465e-06,6.321067583301575,0.5795524256094323,5.688960824971417
2147.0,4.391884744782664e-06,6.230557177282949,0.571253902510334,5.607501459554653
2148.0,4.3287715209023476e-06,6.141021460186522,0.5630447445891319,5.526919314167869
2149.0,4.266340607517789e-06,6.052453704410468,0.5549243350199645,5.447208333969421
2150.0,4.204587272434349e-06,5.964847196616209,0.5468920582847084,5.368362476954588
2151.0,4.143506793624059e-06,5.878195237888143,0.538947300187623,5.290375714099328
2152.0,4.083094459338001e-06,5.792491143893062,0.5310894478699668,5.213242029503755
2153.0,4.023345568218314e-06,5.707728245039056,0.5233178898245665,5.136955420535149
2154.0,3.964255429409843e-06,5.623899886633904,0.5156320159103397,5.061509897970513
2155.0,3.905819362671479e-06,5.540999429043021,0.5080312173667757,4.986899486138719
2156.0,3.848032698486974e-06,5.4590202478466745,0.5005148868283507,4.913118223062006
2157.0,3.7908907781756892e-06,5.377955733997092,0.493082418338932,4.8401601605973825
2158.0,3.7343889540026924e-06,5.297799293974651,0.48573320736609843,4.768019364577185
2159.0,3.6785225892886147e-06,5.2185443499437305,0.4784666508154297,4.696689914949357
2160.0,3.6232870585191045e-06,5.140184339907986,0.471282147044743,4.626165905917186
2161.0,3.5686777474539365e-06,5.062712717865136,0.46417909587828493,4.556441446078622
2162.0,3.514690053235576e-06,4.986122953960981,0.45715689862085235,4.487510658564883
2163.0,3.4613193844976422e-06,4.910408534643272,0.4502149580719002,4.419367681178945
2164.0,3.4085611614726896e-06,4.835562962814615,0.44335267853956106,4.352006666533153
2165.0,3.356410816099737e-06,4.761579757985019,0.4365694658546309,4.285421782186517
2166.0,3.30486379213135e-06,4.688452456423807,0.4298647273844979,4.219607210781426
2167.0,3.2539155452403255e-06,4.6161746113109645,0.4232378720470184,4.154557150179867
2168.0,3.203561543125971e-06,4.544739792887914,0.4166883103243411,4.090265813599123
2169.0,3.153797265619856e-06,4.474141588607541,0.4102154542766622,4.026727429746786
2170.0,3.1046182047913713e-06,4.404373603283938,0.403818717555955,3.963936242955544
2171.0,3.0560198650526207e-06,4.3354294592412215,0.3974975154196138,3.9018865133170983
2172.0,3.007997763262994e-06,4.267302796461873,0.3912512647440555,3.8405725168156852
2173.0,2.9605474288332877e-06,4.19998727273446,0.3850793840382627,3.779988545461013
2174.0,2.9136644038293904e-06,4.133476563800721,0.3789812934572697,3.7201289074206483
2175.0,2.8673442430754157e-06,4.067764363501881,0.37295641481557773,3.6609879271516927
2176.0,2.8215825142566032e-06,4.00284438392463,0.3670041716005386,3.602559945532167
2177.0,2.7763747980215312e-06,3.9387103555461294,0.36112398898565023,3.544839319991516
2178.0,2.7317166880839897e-06,3.8753560273785284,0.3553152938438066,3.487820424640675
2179.0,2.6876037913243503e-06,3.8127751671127807,0.3495775147604836,3.4314976504015022
2180.0,2.6440317278904684e-06,3.750961561261784,0.3439100820468629,3.375865405135605
2181.0,2.6009961312981245e-06,3.6899090153028733,0.33831242775289677,3.320918113772586
2182.0,2.5584926485308882e-06,3.6296113538194934,0.33278398568029727,3.266650218437544
2183.0,2.5165169401396838e-06,3.5700624206424463,0.3273241913954867,3.2130561785782015
2184.0,2.4750646803416673e-06,3.511256078990166,0.3219324822424586,3.160130471091149
2185.0,2.4341315571187114e-06,3.4531862116084304,0.3166082973555879,3.107867590447587
2186.0,2.393713272315353e-06,3.39584672090932,0.3113510776723707,3.0562620488183874
2187.0,2.353805541736262e-06,3.3392315291094876,0.3061602659461024,3.0053083761985384
2188.0,2.314404095243103e-06,3.283334578367573,0.30103530675847623,2.9550011205308153
2189.0,2.2755046768510543e-06,3.228149830921131,0.2959756465321376,2.905334847829018
2190.0,2.2371030448246312e-06,3.1736712692225706,0.2909807335431481,2.8563041423003135
2191.0,2.1991949717730613e-06,3.1198928960744583,0.28605001793339047,2.807903606467012
2192.0,2.161776244745115e-06,3.0668087347640505,0.28118295172290386,2.760127861287645
2193.0,2.1248426653233943e-06,3.014412829197057,0.2763789888221476,2.712971546277351
2194.0,2.0883900497180887e-06,2.9626992440306474,0.27163758504419616,2.666429319627582
2195.0,2.052414228860113e-06,2.911662064805581,0.26695819811685356,2.6204958583250226
2196.0,2.0169110484938363e-06,2.861295398077759,0.26234028769471485,2.575165858269983
2197.0,1.981876369269106e-06,2.8115933715487698,0.2577833153711355,2.5304340343938927
2198.0,1.947306066832769e-06,2.7625501341957324,0.25328674469013573,2.486295120776159
2199.0,1.9131960319196252e-06,2.7141598564003213,0.24885004115823067,2.442743870760289
2200.0,1.8795421704427903e-06,2.6664167300769654,0.24447267225618416,2.3997750570692684
2201.0,1.8463404035835033e-06,2.619314968800249,0.24015410745068982,2.357383471920224
2202.0,1.8135866678802664e-06,2.5728488079313734,0.23589381820596556,2.3155639271382356
2203.0,1.7812769153175438e-06,2.527012504743989,0.2316912779952907,2.2743112542695894
2204.0,1.7494071134137178e-06,2.4818003385489726,0.22754596231244648,2.2336203046940755
2205.0,1.717973245308512e-06,2.4372066108184542,0.22345734868308711,2.193485949736609
2206.0,1.6869713098498007e-06,2.3932256453089655,0.21942491667603117,2.153903080778069
2207.0,1.6563973216798046e-06,2.3498517881837233,0.21544814791447311,2.1148666093653508
2208.0,1.6262473113206147e-06,2.3070794081339594,0.2115265260871074,2.076371467320563
2209.0,1.5965173252592217e-06,2.2649028964995446,0.20765953695918823,2.03841260684959
2210.0,1.5672034260317791e-06,2.2233166673885325,0.20384666838348978,2.000985000649679
2211.0,1.5383016923073029e-06,2.182315157795897,0.20008741031119293,1.964083642016307
2212.0,1.5098082189707149e-06,2.141892827721344,0.19638125480268687,1.9277035449492093
2213.0,1.4817191172052426e-06,2.102044160286207,0.19272769603828674,1.8918397442575863
2214.0,1.4540305145741777e-06,2.0627636618494356,0.18912623032886805,1.8564872956644918
2215.0,1.4267385551019197e-06,2.024045862122565,0.18557635612640813,1.8216412759103084
2216.0,1.399839399354477e-06,1.985885314283923,0.1820775740344568,1.7872967828555306
2217.0,1.3733292245191803e-06,1.948276595091713,0.17862938681850474,1.7534489355825413
2218.0,1.3472042244837815e-06,1.9112143049962276,0.17523129941627197,1.7200928744966046
2219.0,1.3214606099148635e-06,1.8746930682510872,0.17188281894790666,1.6872237614259782
2220.0,1.2960946083355734e-06,1.8387075330235143,0.16858345472609582,1.6548367797211627
2221.0,1.2711024642026156e-06,1.8032523715035607,0.16533271826607987,1.6229271343532043
2222.0,1.2464804389826544e-06,1.7683222800124956,0.16213012329559032,1.5914900520112458
2223.0,1.222224811227908e-06,1.7339119791100486,0.1589751857646824,1.5605207811990434
2224.0,1.1983318766510872e-06,1.7000162137007198,0.1558674238554822,1.5300145923306476
2225.0,1.1747979481996166e-06,1.6666297531390755,0.1528063579918408,1.4999667778251677
2226.0,1.1516193561291277e-06,1.6337473913340084,0.1497915108488935,1.4703726522006073
2227.0,1.1287924480762472e-06,1.6013639468519991,0.14682240736252733,1.441227552166799
2228.0,1.1063135891305989e-06,1.5694742630192622,0.1438985747387465,1.4125268367173358
2229.0,1.0841791619061732e-06,1.5380732080229937,0.14101954246295534,1.3842658872206943
2230.0,1.0623855666118533e-06,1.5071556750114248,0.1381848423091317,1.356440107510282
2231.0,1.0409292211212463e-06,1.4767165821928858,0.13539400834890997,1.329044923973597
2232.0,1.0198065610417455e-06,1.4467508729337841,0.13264657696056392,1.3020757856404055
2233.0,9.99014039782851e-07,1.417253515855525,0.12994208683789327,1.2755281642699723
2234.0,9.78548128623672e-07,1.388219504930275,0.12728007899900373,1.2493975544372473
2235.0,9.584053167797563e-07,1.3596438595757703,0.12466009679499952,1.2236794736181933
2236.0,9.385821114690456e-07,1.331521624748883,0.12208168591856212,1.1983694622739947
2237.0,9.190750379770984e-07,1.303847871038151,0.11954439441243402,1.1734630839343356
2238.0,8.998806397215138e-07,1.2766176947551715,0.1170477726777981,1.1489559252796542
2239.0,8.809954783155603e-07,1.24982621802487,0.11459137348255412,1.124843596222383
2240.0,8.624161336310136e-07,1.223468588874644,0.11217475196949181,1.1011217299871794
2241.0,8.441392038601441e-07,1.197539981322302,0.10979746566435376,1.0777859831900718
2242.0,8.261613055769794e-07,1.1720355954629738,0.10745907448380382,1.0548320359166763
2243.0,8.084790737976604e-07,1.1469506575547346,0.10515914074327756,1.0322555917992609
2244.0,7.910891620400189e-07,1.122280420103125,0.10289722916473165,1.0100523780928123
2245.0,7.739882423823124e-07,1.0980201619444752,0.10067290688428347,0.9882181457500275
2246.0,7.571730055211319e-07,1.0741651883280567,0.09848574345974322,0.966748669495251
2247.0,7.406401608284309e-07,1.0507108309969857,0.09633531087803163,0.945639747897287
2248.0,7.243864364077767e-07,1.0276524482680243,0.09422118356249669,0.9248872034412217
2249.0,7.084085791496761e-07,1.0049854251100685,0.0921429383801098,0.9044868825990615
2250.0,6.927033547860747e-07,0.9827051732214642,0.09010015464855456,0.8844346558993178
2251.0,6.772675479439807e-07,0.9608071311060806,0.0880924141432016,0.8647264179954725
2252.0,6.620979621982207e-07,0.9392867641481515,0.08611930110397056,0.8453580877333362
2253.0,6.471914201233146e-07,0.9181395646858684,0.0841804022420775,0.8263256082172815
2254.0,6.325447633444373e-07,0.8973610520836782,0.08227530674666346,0.8076249468753103
2255.0,6.181548525875538e-07,0.8769467728034057,0.08040360629131559,0.7892520955230651
2256.0,6.040185677285869e-07,0.856892300474007,0.07856489504046234,0.7712030704266062
2257.0,5.901328078417164e-07,0.8371932359600883,0.07675876965565588,0.7534739123640795
2258.0,5.764944912467593e-07,0.8178452074291228,0.07498482930173471,0.7360606866862104
2259.0,5.63100555555633e-07,0.798843870417365,0.07324267565286728,0.7189594833756285
2260.0,5.499479577179014e-07,0.7801849078944654,0.07153191289847607,0.7021664171050187
2261.0,5.370336740653601e-07,0.7618640303267206,0.06985214774903686,0.6856776272940485
2262.0,5.243547003557464e-07,0.7438769757390837,0.06820298944176412,0.6694892781651753
2263.0,5.119080518154464e-07,0.7262195097757499,0.06658404974616589,0.6535975587981748
2264.0,4.996907631812816e-07,0.7088874257594378,0.06499494296947902,0.637998683183494
2265.0,4.876998887413368e-07,0.6918765447493093,0.06343528596197966,0.6226888902743782
2266.0,4.759325023748282e-07,0.6751827155975291,0.061904698122168846,0.6076644440377761
2267.0,4.643856975909795e-07,0.6588018150044161,0.060402801401829256,0.5929216335039745
2268.0,4.530565875669731e-07,0.6427297475722836,0.058929220310961435,0.5784567728150553
2269.0,4.419423051848704e-07,0.6269624458578151,0.057483581922586055,0.5642662012720336
2270.0,4.3104000306756717e-07,0.6114958704230739,0.05606551587742067,0.5503462833807664
2271.0,4.2034685361375155e-07,0.596326009885095,0.054674654388426676,0.5366934088965853
2272.0,4.0986004903186015e-07,0.581448880964058,0.05331063224522602,0.5233039928676522
2273.0,3.9957680137303116e-07,0.5668605285300359,0.05197308681838741,0.5101744756770322
2274.0,3.894943425630202e-07,0.552557025648272,0.050661658063577614,0.4973013230834447
2275.0,3.7960992443314225e-07,0.5385344736230766,0.049375988525586105,0.4846810262607689
2276.0,3.6992081875013844e-07,0.5247890020401971,0.048115723342209836,0.4723101018361773
2277.0,3.604243172450337e-07,0.5113167688077568,0.04688051024800674,0.460185091926981
2278.0,3.511177316409467e-07,0.4981139601957079,0.04566999957791304,0.44830256417613706
2279.0,3.419983936798595e-07,0.48517679087380844,0.044483844270725104,0.4366591117864275
2280.0,3.3306365514830913e-07,0.4725015039480691,0.04332169987244122,0.42525135355326216
2281.0,3.2431088790206247e-07,0.4600843709957589,0.042183224539471056,0.41407593389618297
2282.0,3.1573748388967944e-07,0.44792169209883287,0.0410680790417005,0.40312952288894954
2283.0,3.0734085517502493e-07,0.43600979587586863,0.039975926765419834,0.3924088162882817
2284.0,2.991184339586938e-07,0.4243450395124612,0.03890643371611046,0.38191053556121507
2285.0,2.9106767259834804e-07,0.41292380879007423,0.037859268521090186,0.3716314279110668
2286.0,2.8318604362796326e-07,0.401742518113344,0.0368341024320166,0.36156826630200956
2287.0,2.754710397759554e-07,0.39079761053579515,0.03583060932724482,0.3517178494822156
2288.0,2.6792017398223404e-07,0.3800855577840331,0.03484846571404566,0.34207700200562974
2289.0,2.6053097941410543e-07,0.36960286028030515,0.033887350730674094,0.3326425742522746
2290.0,2.533010094810699e-07,0.35934604716349294,0.03294694614829398,0.3234114424471436
2291.0,2.462278378484877e-07,0.34931167630849913,0.032026936372755596,0.31438050867764916
2292.0,2.393090584501112e-07,0.33949633434402654,0.031127008446225665,0.3055467009096239
2293.0,2.325422854994574e-07,0.32989663666871183,0.030246852048666638,0.29690697300184066
2294.0,2.2592515350006324e-07,0.3205092274656741,0.02938615949917056,0.28845830471910666
2295.0,2.1945531725455083e-07,0.31133077971537515,0.028544625757138207,0.2801977017438376
2296.0,2.1313045187254534e-07,0.3023579952068525,0.027721948423308957,0.27212219568616725
2297.0,2.0694825277741771e-07,0.29358760454728483,0.026917827740637838,0.2642288440925563
2298.0,2.0090643571184935e-07,0.2850163671698863,0.026131966595019308,0.2565147304528977
2299.0,1.9500273674221448e-07,0.27664107134012367,0.025364070515857273,0.24897696420611126
2300.0,1.8923491226175582e-07,0.26845853416022136,0.024613847676478163,0.24161268074419917
2301.0,1.8360073899258815e-07,0.2604656015720039,0.023881008894391518,0.2344190414148035
2302.0,1.7809801398646797e-07,0.2526591483579879,0.02316526763139011,0.2273932335221891
2303.0,1.7272455462436263e-07,0.2450360781407706,0.022466339993493897,0.2205324703266935
2304.0,1.6747819861479612e-07,0.23759332338068326,0.02178394473073485,0.2138339910426149
2305.0,1.623568039909681e-07,0.230327845371704,0.02111780323678224,0.20729506083453358
2306.0,1.5735824910662657e-07,0.22323663423560258,0.020467639548405785,0.2009129708120423
2307.0,1.5248043263072075e-07,0.21631670891435464,0.019833180344780144,0.19468503802291914
2308.0,1.4772127354078028e-07,0.20956511716074924,0.019214154946623766,0.1886086054446743
2309.0,1.4307871111504938e-07,0.20297893552722981,0.01861029531517575,0.1826810419745068
2310.0,1.385507049233537e-07,0.19655526935293743,0.018021336051007922,0.17689974241764367
2311.0,1.3413523481669554e-07,0.1902912527489501,0.017447014392671458,0.17126212747405506
2312.0,1.298303009155712e-07,0.18418404858170906,0.016887070215177335,0.16576564372353814
2313.0,1.2563392359699248e-07,0.17823084845460696,0.016341246028308203,0.16040776360914624
2314.0,1.2154414348023376e-07,0.17242887268776766,0.015809286974764504,0.15518598541899087
2315.0,1.1755902141125743e-07,0.16677537029595163,0.015290940828138692,0.15009783326635645
2316.0,1.1367663844584104e-07,0.161267618964619,0.01478595799072056,0.14514085706815708
2317.0,1.0989509583138562e-07,0.15590292502412206,0.014294091491131056,0.14031263252170983
2318.0,1.0621251498740073e-07,0.1506786234220202,0.01381509698178396,0.13561076107981818
2319.0,1.0262703748465966e-07,0.14559207769350851,0.013348732736174597,0.13103286992415766
2320.0,9.913682502300769e-08,0.14064067992993534,0.012894759645993344,0.12657661193694178
2321.0,9.574005940784058e-08,0.13582185074543343,0.012452941218066189,0.12223966567089008
2322.0,9.243494252521282e-08,0.1311330392416073,0.012023043571117048,0.11801973531744656
2323.0,8.921969631559267e-08,0.12657172297030064,0.011604835432354072,0.11391455067327057
2324.0,8.609256274624685e-08,0.1221354078944199,0.011198088133877716,0.10992186710497791
2325.0,8.305180378224955e-08,0.11782162834680601,0.010802575608909872,0.10603946551212541
2326.0,8.009570135610094e-08,0.11362794698713383,0.010418074387842145,0.10226515228842042
2327.0,7.722255733596726e-08,0.10955195475685563,0.010044363594104818,0.09859675928117005
2328.0,7.443069349250772e-08,0.10559127083214019,0.00968122493985202,0.09503214374892617
2329.0,7.171845146430113e-08,0.10174354257482517,0.009328442721464767,0.09156918831734265
2330.0,6.908419272185619e-08,0.09800644548136016,0.008985803814869759,0.08820580093322412
2331.0,6.65262985301992e-08,0.09437768312973167,0.008653097670673146,0.0849399148167585
2332.0,6.404316991003258e-08,0.09085498712436063,0.008330116309108411,0.08176948841192457
2333.0,6.16332275974494e-08,0.08743611703895132,0.008016654314796435,0.07869250533505619
2334.0,5.929491200221354e-08,0.08411886035730533,0.007712508831318963,0.07570697432157478
2335.0,5.7026683164574445e-08,0.08090103241205678,0.007417479555601498,0.0728109291708511
2336.0,5.482702071062629e-08,0.07778047632134254,0.007131368732106852,0.07000242868920828
2337.0,5.269442380619629e-08,0.0747550629233857,0.00685398114683738,0.06727955663104712
2338.0,5.062741110925682e-08,0.07182269070898493,0.00658512412114521,0.06464042163808643
2339.0,4.862452072084748e-08,0.06898128575189007,0.006324607505348659,0.06208315717670105
2340.0,4.668431013451352e-08,0.0662288016370726,0.006072243672155677,0.05960592147336534
2341.0,4.480535618423381e-08,0.0635632193868538,0.005827847509890812,0.057206897448168426
2342.0,4.2986254990844226e-08,0.060982547384898,0.005591236415526488,0.05488429264640819
2343.0,4.1225621906943425e-08,0.05848482129805307,0.005362230287516881,0.05263633916824775
2344.0,3.9522091460273396e-08,0.056068103996027144,0.005140651518433408,0.05046129359642442
2345.0,3.7874317295567764e-08,0.05373048546889156,0.004926324987400914,0.048357436922002395
2346.0,3.628097211485524e-08,0.05147008274239222,0.004719078052332925,0.046323074468152994
2347.0,3.474074761622148e-08,0.049285039791073945,0.004518740541966383,0.044356535811966545
2348.0,3.325235443100612e-08,0.047173527449184946,0.004325144747692838,0.04245617470426644
2349.0,3.181452205943826e-08,0.045133743319365933,0.004138125415186544,0.04062036898742934
2350.0,3.0425998804697734e-08,0.04316391167910599,0.0039575197358277785,0.03884752051119539
2351.0,2.908555170539536e-08,0.04126228338495552,0.003783167337920526,0.03713605504645997
2352.0,2.7791966466460304e-08,0.03942713577447948,0.0036149102777029807,0.03548442219703153
2353.0,2.6544047388435603e-08,0.037656772565952276,0.003452593030150988,0.03389109530935705
2354.0,2.5340617295161355e-08,0.03594952375576539,0.0032960624795717723,0.032354571380188844
2355.0,2.418051745984651e-08,0.034303745513548936,0.0031451679099880714,0.030873370962194037
2356.0,2.3062607529517383e-08,0.03271782007499039,0.002999760995311131,0.02944603806749135
2357.0,2.198576544783517e-08,0.031190155632339487,0.002859695789301551,0.028071140069105535
2358.0,2.094888737627463e-08,0.029719186222588154,0.0027248287153169718,0.026747267600329337
2359.0,1.9950887613652912e-08,0.028303371613309942,0.0025950185558451626,0.025473034451978946
2360.0,1.8990698514007003e-08,0.026941197186156635,0.002470126441822313,0.024247077467540967
2361.0,1.80672704028023e-08,0.02563117381798739,0.002350015841734255,0.023068056436188648
2362.0,1.7179571491470702e-08,0.024371837759628,0.002234552550500404,0.021934653983665196
2363.0,1.6326587790267283e-08,0.023161750512244797,0.0021236046781389958,0.020845575461020314
2364.0,1.550732301943765e-08,0.02199949870132205,0.0020170426382125992,0.019799548831189843
2365.0,1.4720798518685582e-08,0.020883693948228012,0.0019147391360525385,0.01879532455340521
2366.0,1.3966053154937865e-08,0.019812972739365307,0.0018165691567618365,0.017831675465428774
2367.0,1.324214322839045e-08,0.01878599629288309,0.0017224099529946065,0.016907396663594778
2368.0,1.254814237683303e-08,0.01780145042294689,0.001632141032511519,0.0160213053806522
2369.0,1.1883141478241224e-08,0.016858045401550815,0.0015456441455099347,0.015172240861395733
2370.0,1.1246248551628165e-08,0.015954515817860407,0.0014628032717276373,0.014359064236074364
2371.0,1.0636588656147269e-08,0.015089620435074572,0.0013835046073190978,0.013580658391567113
2372.0,1.0053303788435805e-08,0.014262142044791806,0.0013076365515029187,0.012835927840312624
2373.0,9.495552778194888e-09,0.01347088731887451,0.0012350896929798879,0.012123798586987058
2374.0,8.962511181991645e-09,0.012714686658791198,0.001165756796119793,0.011443217992912078
2375.0,8.453371175279071e-09,0.011992394042430224,0.0010995327869164075,0.010793154638187202
2376.0,7.967341442623215e-09,0.01130288686837033,0.0010363147387093042,0.010172598181533297
2377.0,7.503647066129259e-09,0.01064506579759605,0.0009760018576713987,0.009580559217836444
2378.0,7.061529412057925e-09,0.010017854592645824,0.0009184954680611082,0.00901606913338124
2379.0,6.640246015622323e-09,0.009420199954178787,0.0008636989972378387,0.008478179958760908
2380.0,6.2390704639593625e-09,0.008851071354951898,0.0008115179604400384,0.007965964219456707
2381.0,5.857292277262995e-09,0.008309460871189342,0.0007618599453241586,0.007478514784070408
2382.0,5.494216788073441e-09,0.007794383011335933,0.0007146345962637645,0.007014944710202339
2383.0,5.149165018712343e-09,0.007304874542180203,0.0006697535984074839,0.006574387087962182
2384.0,4.821473556855345e-09,0.006839994312335168,0.0006271306614946914,0.0061559948811016505
2385.0,4.510494429232289e-09,0.006398823073062836,0.0005866815034276528,0.005758940765756552
2386.0,4.215594973448373e-09,0.005980463296432988,0.0005483238335992584,0.005382416966789688
2387.0,3.936157707914318e-09,0.005584038990799328,0.0005119773359747984,0.005025635091719395
2388.0,3.6715801998788618e-09,0.005208695513583483,0.0004775636519269049,0.004687825962225135
2389.0,3.4212749315536755e-09,0.00485359938135281,0.0004450063628223761,0.004368239443217528
2390.0,3.1846691643218478e-09,0.004517938077179456,0.0004142309723597282,0.004066144269461511
2391.0,2.9612048010210295e-09,0.0042009198552680396,0.00038516488865631885,0.0037808278697412353
2392.0,2.750338246291563e-09,0.003901773542838199,0.00035773740608378206,0.0035115961885543788
2393.0,2.551540264982057e-09,0.0036197483392513513,0.00033187968685079443,0.0032577735053262156
2394.0,2.364295838601269e-09,0.0033541136123658257,0.00030752474233172386,0.0030187022511292427
2395.0,2.188104019808707e-09,0.0031041586921096345,0.00028460741414017423,0.0027937428228986707
2396.0,2.022477784934221e-09,0.0028691926612570543,0.00026306435494615946,0.0025822733951313486
2397.0,1.8669438845175515e-09,0.0026485441433962225,0.0002428340090357335,0.0023836897290566
2398.0,1.7210426918582704e-09,0.002441561088074171,0.00022385659261183076,0.002197404979266753
2399.0,1.5843280495679407e-09,0.0022476105531076987,0.0002060740738352548,0.0020228494977969284
2400.0,1.456367114113841e-09,0.0020660784840449815,0.00018943015260442918,0.0018594706356404832
2401.0,1.3367401983460932e-09,0.0018963694907663232,0.0001738702400728487,0.0017067325416896906
2402.0,1.2250406119984656e-09,0.0017379066212102625,0.00015934143790296619,0.001564115959089236
2403.0,1.1208745001536338e-09,0.0015901311322119526,0.00014579251725531546,0.0014311180189907572
2404.0,1.0238606796636203e-09,0.001452502257440649,0.00013317389751166375,0.0013072520316965838
2405.0,9.336304735158005e-10,0.0013244969724226698,0.00012143762473094335,0.0011920472751804029
2406.0,8.498275431357701e-10,0.0012056097566374843,0.00011053734983682993,0.0010850487809737357
2407.0,7.721077186167945e-10,0.0010953523526723357,0.00010042830653563095,0.000985817117405102
2408.0,7.00138826867099e-10,0.000993253522423011,9.106728896334678e-05,0.0008939281701807097
2409.0,6.336005176652866e-10,0.0008988588003269646,8.241262906064125e-05,0.0008089729202942681
2410.0,5.721840876144993e-10,0.0008117302436154965,7.442417367450124e-05,0.0007305572192539467
2411.0,5.155923019856765e-10,0.0007314461795712865,6.706326138533027e-05,0.0006583015616141578
2412.0,4.6353921444081314e-10,0.0006576009497783914,6.029269905829299e-05,0.0005918408548005522
2413.0,4.157499846261307e-10,0.0005898046513503851,5.4076738117598606e-05,0.0005308241862153466
2414.0,3.7196069362603534e-10,0.0005276828751237011,4.8381050542536115e-05,0.00047491458761133096
2415.0,3.319181572681093e-10,0.0004708764408023388,4.317270458399272e-05,0.0004237887967221049
2416.0,2.953797372695693e-10,0.0004190411290403613,3.842014020021117e-05,0.0003771370161363251
2417.0,2.6211315021557967e-10,0.0003718474104485498,3.409314421053573e-05,0.00033466266940369475
2418.0,2.318962743596891e-10,0.00032898017151140787,3.0162825165881025e-05,0.00029608215436026706
2419.0,2.045169542369415e-10,0.00029013843740111214,2.66015879346947e-05,0.0002611245936610009
2420.0,1.7977280307966764e-10,0.00025503509167422965,2.3383108003114027e-05,0.00022953158250680665
2421.0,1.5747100302646912e-10,0.000223396592837744,2.048230548808235e-05,0.0002010569335539696
2422.0,1.3742810311456328e-10,0.00019496268777044053,1.7875318862146462e-05,0.00017546641899339645
2423.0,1.1946981504574653e-10,0.00016948612198583045,1.5539478388667918e-05,0.0001525375097872474
2424.0,1.0343080671614365e-10,0.00014673234672266529,1.3453279266169131e-05,0.00013205911205039874
2425.0,8.915449350005088e-11,0.00012647922284929097,1.1596354480553787e-05,0.00011383130056436187
2426.0,7.649282727787685e-11,0.00010851672156766151,9.949447363901268e-06,9.766504941089535e-05
2427.0,6.530608319844634e-11,9.264662190320131e-05,8.49438385856894e-06,8.338195971288117e-05
2428.0,5.546264416573596e-11,7.868220496642766e-05,7.214044485310496e-06,7.08139844697849e-05
2429.0,4.6838783040143894e-11,6.644794497229205e-05,6.09233601412305e-06,5.980315047506284e-05
2430.0,3.931844254436861e-11,5.57791970031595e-05,5.114162836531906e-06,5.0201277302843546e-05
2431.0,3.27930128639237e-11,4.65218815012785e-05,4.265398038015914e-06,4.186969335115065e-05
2432.0,2.71611069323624e-11,3.853216547665907e-05,3.5328541692822413e-06,3.467894892899316e-05
2433.0,2.232833339114334e-11,3.167614041607529e-05,2.904253715080957e-06,2.8508526374467758e-05
2434.0,1.8207067214165476e-11,2.582949687904559e-05,2.3681992592623642e-06,2.324654719114103e-05
2435.0,1.471621798690257e-11,2.087719576650539e-05,1.9141433447673218e-06,1.8789476189854847e-05
2436.0,1.1780995830069059e-11,1.671313624788886e-05,1.5323580272409807e-06,1.5041822623099973e-05
2437.0,9.332674957722177e-12,1.3239820332298414e-05,1.2139041209568637e-06,1.1915838299068571e-05
2438.0,7.308354859674217e-12,1.0368014069396362e-05,9.506001357341767e-07,9.331212662456724e-06
2439.0,5.650719098087059e-12,8.016405365650917e-06,7.349909035310185e-07,7.214764829085824e-06
2440.0,4.3077917080588434e-12,6.11125840148025e-06,5.603158933880558e-07,5.500132561332224e-06
2441.0,3.2326911920279094e-12,4.586064634859989e-06,4.2047721339921263e-07,4.1274581713739895e-06
2442.0,2.3833820977707215e-12,3.381190376890893e-06,3.100072983796315e-07,3.043071339201803e-06
2443.0,1.7224241697550317e-12,2.4435209248014775e-06,2.2403628189914508e-07,2.1991688323213296e-06
2444.0,1.2167190635821923e-12,1.7261012378215678e-06,1.5825905134594825e-07,1.5534911140394107e-06
2445.0,8.372546132342414e-13,1.1877731413368425e-06,1.0890198468277633e-07,1.0689958272031582e-06
2446.0,5.588466408069957e-13,7.928090446856202e-07,7.268936755342498e-08,7.135281402170581e-07
2447.0,3.5987829839667503e-13,5.105421579396974e-07,4.68094893956632e-08,4.5948794214572756e-07
2448.0,2.2203693177671932e-13,3.1499319296726724e-07,2.8880417212576112e-08,2.834938736705405e-07
2449.0,1.3004845547942378e-13,1.8449353404468333e-07,1.6915445651508917e-08,1.66044180640215e-07
2450.0,7.140922887233853e-14,1.0130486324882069e-07,9.288222036572515e-09,9.117437692393862e-08
2451.0,3.6115422794852896e-14,5.1235225826996096e-08,4.69754499748179e-09,4.611170324429648e-08
2452.0,1.638986629645127e-14,2.3251520707453297e-08,2.1318353343841466e-09,2.0926368636707966e-08
2453.0,6.4063629928156565e-15,9.088401277511825e-09,8.332777550438263e-10,8.179561149760641e-09
2454.0,2.0114665323996038e-15,2.8535715230675934e-09,2.616321176841504e-10,2.568214370760834e-09
2455.0,4.4370464098931287e-16,6.294625875129886e-10,5.771280952402013e-11,5.665163287616896e-10
2456.0,5.024118744061688e-17,7.127477363225842e-11,6.534887880721432e-12,6.414729626903257e-11
2457.0,9.656891726682488e-19,1.369977118124564e-12,1.256075103414427e-13,1.2329794063121073e-12
